id,code,pref,title,Geo3x3
1,NzJVV,北海道,能取岬,E92726315617716464
2,XkRgN,青森県,八甲田山,E92448425975675419
3,OK4v0,青森県,仏ヶ浦,E92472176164254521
4,05Rw2,青森県,大間のマグロ,E92472491146559461
5,arlFs,青森県,岩木山,E92447516415513214
6,ZulkL,岩手県,多聞院伊澤家住宅,E92442492225785337
7,Xvpfi,岩手県,北上・みちのく芸能まつり,E92442558881454629
8,gBvVl,宮城県,気仙沼港 内湾,E92443121576458861
9,A5yVy,秋田県,史跡尾去沢鉱山,E92445717246816791
10,JlUgY,山形県,立石寺,E92417267988338696
11,eOHgQ,山形県,蔵王温泉スキー場 樹氷,E92417223545395283
12,5G1o4,福島県,さざえ堂,E91636362469674565
13,nBjni,福島県,国宝 白水阿弥陀堂,E92412454552969634
14,fsYX5,茨城県,塚崎の獅子舞,E91399375174778296
15,Ocmrd,茨城県,境リバーサイドパーク,E91399372466483313
16,JQ4c5,栃木県,大瀬観光やな,E92177767694518365
17,a9Yr1,栃木県,焼森山ミツマタ群生地,E92177735818586677
18,hq8cc,栃木県,鎌倉山,E92177767645592615
19,MIFrW,群馬県,赤谷湖 鯉のぼり,E91632228314581486
20,1WwaF,群馬県,真沢の森 棚田,E91632235434575954
21,s4DeO,埼玉県,富和鋳造,E91396866148625373
22,42uRc,千葉県,富士山とスカイツリー,E91396926864395831
23,Dhnyk,千葉県,市川市民納涼花火大会,E91396926864395831
24,fH0hJ,東京都,小石川後楽園,E91396833985454763
25,SokBC,神奈川県,湯河原梅林,E91392979648316536
26,ZS0wa,神奈川県,湯かけ祭り,E91392976468752651
27,uWtSH,新潟県,夏の宵,E91635267896451456
28,7bSri,新潟県,彌彦神社 相撲場,E91635516769134942
29,lyFRl,新潟県,若林邸,E91639139746811291
30,d4Xhy,新潟県,お茶摘み,E91639138914721864
31,i1A7q,富山県,雨晴海岸,E91623147442647213
32,lrOjl,石川県,蟹淵,E91388579444768875
33,2rsay,福井県,養浩館庭園,E91387367248427171
34,q2OXh,福井県,鉾島,E91387293564388886
35,aRrGT,山梨県,新倉山浅間公園（忠霊塔）,E91395518468611811
36,Mnqod,山梨県,笛吹市芦川町新道峠からの富士山,E91395465359566758
37,YmGB0,長野県,新海三社神社 三重塔,E91397633946916333
38,ib5PG,長野県,榊祭り,E91397651276498299
39,tYFzr,長野県,硫黄岳 爆裂火口,E91397327851135853
40,DCho6,岐阜県,岐阜城,E91385536361622732
41,qqPLi,岐阜県,国名勝おくのほそみちの風景地　大垣船町川湊（冬）,E91385273283125849
42,5Q7fV,岐阜県,大垣まつり（夜）,E91385273559289554
43,fN2aQ,岐阜県,大垣ひまわり畑（平町）,E91385257865871326
44,9mSd9,岐阜県,市之倉さかづき美術館,E91386154168245555
45,6m3Zs,岐阜県,小瀬・長良川河畔の夕暮れ,E91385627671463836
46,4Rb4E,静岡県,修善寺温泉街,E91392834181539295
47,MPFYH,静岡県,駿河湾,E91392717787519822
48,giOZh,愛知県,吉田神社,E91383527959498431
49,sESC5,愛知県,丈山苑,E91383477511179693
50,OwR6k,三重県,鼓ヶ浦海岸,E91382545837654999
51,xwU6k,三重県,伊賀上野城,E91381619958558878
52,X2lVN,三重県,御在所岳 紅葉,E91382728986473637
53,kMFxa,三重県,御在所岳 山上公園,E91382728977475412
54,3CwMV,滋賀県,三島池,E91385173767717183
55,7KPCR,京都府,久美浜湾,E91376481419442547
56,6b3MB,京都府,立岩,E91376818532471764
57,5AU8m,大阪府,高石市の工場夜景,E91373352128646898
58,Kjy4h,兵庫県,姫路城,E91372658299871432
59,jO3Rt,奈良県,イチョウ並木,E91381248496535781
60,To9bm,奈良県,奈良公園の紅葉,E91381278734536138
61,BAAjp,奈良県,平城宮跡の桜,E91381433317624852
62,aFJSZ,奈良県,夏　燈花会,E91381278825488362
63,ggZyM,和歌山県,紅葉渓庭園,E91349824363731864
64,aHs1x,和歌山県,有田みかんの山,E91349554773885958
65,CLkNL,鳥取県,弓ヶ浜海岸,E91296635595887544
66,LXi2g,島根県,国賀海岸,E91299282298718767
67,Z5j3N,島根県,出雲日御碕灯台,E91296412214774458
68,xBOIF,島根県,松江城,E91296535671686371
69,3gLOH,岡山県,八塔寺,E91372497297111353
70,tUe6q,広島県,灰ヶ峰の夜景,E91269717477492676
71,JIjFm,広島県,豊町御手洗のまち並み,E91269577632661299
72,dJwzy,山口県,角島大橋,E91259948451913264
73,tMmBu,山口県,東後畑棚田の農業,E91259995497656269
74,wz9a2,山口県,宇部興産全景,E91267188468947593
75,CzDJp,山口県,丸尾漁港,E91267433927386386
76,Y7I3H,香川県,金刀比羅宮,E91347599544858348
77,MOHWD,愛媛県,亀老山から望む来島海峡大橋,E91269592145689537
78,bLJ8Q,愛媛県,鈍川渓谷,E91269525167752812
79,6ld9y,福岡県,つづら棚田と彼岸花,E91256538234673849
80,PNymQ,福岡県,初夏のつづら棚田,E91256538234673849
81,g1I4x,佐賀県,岩屋川内川の蛍灯,E91255251665942541
82,WzHyU,佐賀県,茶畑,E91255255587111396
83,PGz9b,佐賀県,武雄の流鏑馬,E91255289193157343
84,nuZ5L,佐賀県,黒髪山,E91255512179928183
85,njDS3,佐賀県,武雄の大楠,E91255289156884187
86,KyuPm,長崎県,霊峰白嶽,E91257828427664728
87,Sy2ow,長崎県,九十九島の夕景,E91254637336129291
88,8VAE7,長崎県,天神山からの夜景,E91255182772524732
89,Lpe1p,長崎県,伊王島大橋,E91252489347149462
90,lzmI3,長崎県,軍艦島,E91252457963194546
91,ebSMz,長崎県,長崎ランタンフェスティバル,E91252733995349112
92,A35Ct,熊本県,水田,E91256226211414231
94,Vr5ws,大分県,別府の湯けむり,E91264529542654798
95,Z0KMD,大分県,田ノ浦ビーチ,E91264534931723156
96,vToZs,大分県,ななせ火群まつり,E91264295985215467
97,QHl4x,宮崎県,大幡山から望む大幡池,E91229963528276546
98,BmdgZ,宮崎県,二原から眺める霧島連山（初夏）,E91229925688378523
99,izgKy,宮崎県,韓国岳から望む高千穂峰,E91229596664513479
100,kJyQX,鹿児島県,仙巌園,E91229165897625847
101,cQQMQ,沖縄県,平久保崎,E67726925496666395
102,fh5bP,沖縄県,名蔵湾,E67726562414445941
103,nur0p,北海道,洞爺湖,E92475787115633252
104,iLKeL,北海道,函館山,E92471968596756942
105,DZ4M0,北海道,旧国鉄士幌線　タウシュベツ川橋梁,E92722139789762518
106,goH8R,青森県,奥入瀬渓流,E92448169831426496
107,l9pSd,青森県,千畳敷,E92447448656288117
108,ngTe8,青森県,八甲田山,E92448427196616945
109,y3IuE,山梨県,昇仙峡,E91395718627271631
110,OxVOX,山梨県,西沢渓谷,E91395793774363767
111,hlqCU,山梨県,尾白川,E91394946821192232
112,FqEu6,山梨県,河口湖,E91395463324728683
113,VS7ML,愛知県,手筒煙火奉揚,E91383554797927492
114,tfQ1C,愛知県,尾張津島天王祭「宵祭」,E91382897582496486
115,sFLH2,愛知県,９尺藤,E91385349887987566
116,Mv1Pg,愛知県,旭城南の田んぼ,E91385336347526815
117,iAWP7,京都府,朝霧橋（あさぎりばし）,E91381574192813446
118,8YMGa,京都府,宇治川の鵜飼（うじがわのうかい）,E91381574191543757
119,9zrXH,島根県,赤川ホタル,E91296259114497438
120,bzCwS,島根県,八重滝,E91293795961335518
121,HY5fQ,島根県,宍道湖,E91296532869346769
122,ThJs8,島根県,国賀海岸（赤尾展望台）,E91299258872185464
123,b8GGz,島根県,隠岐モーモードーム,E91299636749416854
124,ndto2,山口県,大畠の瀬戸と大島大橋,E91268521425764271
125,8hvrO,山口県,白壁の町並み,E91268511578726937
126,SCVA4,山口県,大星山展望台からの風景,E91268196667721463
130,xyutC,長崎県,大島大橋,E91255117816694189
131,kfJJN,長崎県,雲仙温泉,E91252922996875248
132,VWhIf,長崎県,鍋冠山,E91252733642539883
133,dXIMX,熊本県,ミルクロード,E91264113457391895
134,jTnwz,熊本県,鍋ヶ滝,E91256391431926957
135,CfTFK,鹿児島県,佐多岬,E91226512523459844
136,3p5dW,鹿児島県,白谷雲水峡,E91223465841523226
137,j49zC,鹿児島県,白谷雲水峡・苔むす森,E91223465462899827
138,tVk0X,鹿児島県,大川の滝,E91223415895564538
153,nExts,岡山県,夏の気配,E91374252968337941
155,QbB7Q,広島県,安芸灘大橋の夜明け,E91269721426163586
156,MSwaP,石川県,金沢市 兼六園夜景,E91388858247253357
158,cNvvo,埼玉県,桜,E91399144397693638
159,4URl2,東京都,開花,E91396836979262877
163,et2Yh,滋賀県,夕焼けに染まる西の湖,E91381979213559726
165,2hEhh,滋賀県,西の湖でカヤック,E91381979213559726
166,bXHLS,滋賀県,琵琶湖大橋と沖島,E91381845822349733
169,YP0MW,千葉県,市川市動植物園の新緑,E91396962319888472
170,omk1Q,千葉県,二つの日本一,E91396926864633491
171,XL3FE,千葉県,夕暮れ時の東京,E91396926864399479
172,LLLvK,岡山県,天空の城,E91371542499337285
174,WCr2y,島根県,松江水郷祭 大輪,E91296535298534448
175,cGhsA,栃木県,華厳の滝,E91633234996636693
178,Kff40,長崎県,佐世保の夕陽,E91255157452319829
179,Gf17c,大分県,緑の世界,E91264521875215616
182,1gBz1,新潟県,北沢浮遊選鉱場跡（佐渡島）,E91634865994559145
189,LSe2q,福島県,恋人坂の夕焼け,E91636394971587532
191,vo5zQ,福岡県,姉子の浜,E91255834527279758
192,xewpq,福岡県,筑後川昇開橋,E91255633344981828
193,jb64l,佐賀県,佐賀 海中鳥居,E91255318663776873
194,cdTH3,佐賀県,日本の夜明け,E91255318663776873
195,ovIBy,神奈川県,あつぎ鮎祭り花火大会,E91396422179267331
196,2LIUA,福島県,塔のへつり,E92414563445451387
199,kJZOL,京都府,京都 清水寺,E91381738913149653
201,unUZf,石川県,世界農業遺産 白米千枚田 夕日とイルミネーション,E91625332594391461
202,orFqQ,静岡県,由比漁港桜えび漁船の出港,E91392748841118195
204,MgdXc,岡山県,天空の城,E91371545662676137
205,BwHNY,埼玉県,赤い絨毯,E91396775652787189
214,ziBFU,鹿児島県,初冬の霧島神宮,E91229644735776876
215,54F97,東京都,提灯,E91396915297359312
217,jn0zP,静岡県,桜えびの天日干し作業,E91392782472996217
220,YL2IA,静岡県,駿河湾の桜えび,E91392748844661565
229,Ks4ZX,山梨県,本栖湖の未明,E91394637223793526
230,cVikh,東京都,都庁からの展望,E91396831616663282
232,HBuMp,大分県,慈恩の滝,E91256638213621839
233,uzVtI,京都府,金閣寺,E91381761733665434
234,PanQ4,福島県,磐梯吾妻スカイライン,E92414517554267422
236,1vnNJ,鹿児島県,初冬の霧島神宮,E91229644738197565
237,ZmExU,岡山県,雲の河,E91374247163271117
238,wzztd,岡山県,水田に映る蒜山,E91374253777128255
240,xR9Qi,鹿児島県,初冬の嘉例川駅,E91229551683495261
246,ROXKj,奈良県,曽爾高原,E91381319618364243
253,dEIMF,福井県,冬の荒島岳,E91388213187187875
259,z29GO,愛知県,香嵐渓,E91383875115298449
260,nVsgK,島根県,出雲神楽,E91296184872518261
262,Ljqxu,奈良県,三輪そうめん,E91381218899726326
268,BjWWX,兵庫県,白鷺城,E91372658535717128
276,y3sfJ,京都府,千本鳥居,E91381735336381548
279,qVZvi,愛知県,成海神社例大祭,E91382959316829297
297,fjfgv,島根県,月照寺,E91296535439783385
384,zWZAw,山口県,元乃隅稲成神社,E91259998137491484
385,HSOIw,山口県,夕暮れを眺めて…,E91259998137491484
390,QHAwx,神奈川県,報国寺の竹林,E91396246793712319
391,wxEMH,静岡県,中田島砂丘の風紋,E91383395973113399
392,Xj1XX,東京都,天使のはしご,E91396831616663282
393,pUAoz,岡山県,弥高山の初日の出,E91371416913359324
394,6rAle,東京都,マジックアワー,E91396761235776723
395,BzJMs,長崎県,頭ヶ島天主堂,E91254215942732616
396,CtrA9,愛知県,本證寺 (安城市),E91383475676827937
398,R9ziw,北海道,函館の初日の出2018,E92472771882743977
400,BSdAn,北海道,冬の五稜郭,E92472771882743977
402,x1QYd,北海道,桜の五稜郭,E92472771882743977
404,HiRGD,北海道,夏の五稜郭,E92472771882743977
405,PN3vO,岡山県,日本一の桜 醍醐桜,E91371867132346161
406,1JDBy,北海道,秋の五稜郭,E92472771882743977
410,VFfxB,静岡県,ダイヤモンド富士,E91395413323439682
413,FsAkk,新潟県,天使の梯子（星峠）,E91632474812548718
415,YMkiM,福島県,只見川第一橋梁,E91636237744213259
417,k8SHa,新潟県,白鳥の湖(瓢湖),E91635693726537739
418,vRHzC,新潟県,滝雲(枝折峠),E91632688735222327
419,2KWHx,山梨県,初冬の光景（本栖湖からの眺望）,E91395416242494124
420,t9XMo,広島県,雪の広島城,E91268985428725437
421,sR2XQ,山口県,水鏡,E91267436389935244
422,E7TS9,東京都,Skytree,E91396915373843651
433,RW7fA,埼玉県,狭山湖からの富士山,E91396753563479342
434,Erj8d,山梨県,朝焼けの富士,E91395416242494124
439,1IlD1,岡山県,鷲羽山から眺む,E91347899815255525
441,jrXzC,静岡県,河津川ほとりの桜,E91392539175647655
445,SbzXm,奈良県,長谷寺,E91381251387977727
447,l1y7X,神奈川県,鵠沼海岸夕景,E91396165915376521
450,fNVUW,新潟県,春光(福島潟),E91635933463246852
453,0xE72,新潟県,黄金の輝き(福島潟),E91635933463246852
458,kyZOm,栃木県,マジックダンス,E91633332192158658
467,p3SVt,兵庫県,黒滝の朝,E91373576232119579
473,iXUN4,神奈川県,川崎 工場夜景,E91396563361861547
474,nPpvF,香川県,栗林公園,E91347965964349467
480,EcXYm,岡山県,水島コンビナートの工場夜景,E91371238514748292
481,s8i1I,岡山県,倉敷美観地区の夜景,E91371267669223584
487,PwpK5,新潟県,雲海と棚田(星峠),E91632474812548718
488,Ui3np,新潟県,儀明の桜,E91632478195279548
490,7fguW,京都府,建仁寺　潮音庭,E91381738398339829
492,0RW6z,福島県,大わらじ,E92414563769756285
498,vqLsw,岐阜県,根尾谷の淡墨ザクラ,E91385576275894827
499,XWBMC,和歌山県,高野山　壇上伽藍,E91357711691638563
501,X7ewX,和歌山県,橋杭岩の朝日,E91354736317385211
503,RJBbe,京都府,春の宴,E91381739567341949
504,rXV6v,和歌山県,海金剛,E91354812356784498
505,VBVAw,茨城県,高戸小浜海岸,E92411336889194985
508,VLukX,福島県,滝桜,E92414236392319859
509,b0Rj8,香川県,紫雲出山の桜,E91347814834428447
512,hbv28,宮城県,蔵王のお釜,E92414986366963854
514,JSwdQ,福岡県,福岡の夜景,E91255965912844968
515,ddIxg,静岡県,富士スピードウェイ,E91395293416244224
516,1lyue,新潟県,棚田の夜明け,E91632474812548718
517,A5qaa,和歌山県,新宮の御燈祭,E91357231937338127
518,EchSl,和歌山県,新宮の御燈祭,E91357231937338127
519,t5MU6,和歌山県,新宮の御燈祭,E91357231937338127
520,jwR92,和歌山県,新宮の御燈祭,E91357231937338127
521,JQkmW,徳島県,鳴門海峡の渦潮,E91348678777918536
522,MMHIG,奈良県,若草山山焼き,E91381277719855431
527,LMZ3J,静岡県,伊豆下田多々戸浜,E91392294776772952
529,fsexT,神奈川県,みなとみらい,E91396525238725353
530,6h3fv,東京都,新宿副都心,E91396831553881845
534,rM5YZ,北海道,満開の五稜郭の桜,E92472774231358523
538,yZwz5,佐賀県,浜野浦の棚田,E91255735365798218
542,L2X4t,茨城県,筑波山より関東平野,E92177424539537989
549,ZIPgL,新潟県,棚田の雲海,E91632474812548718
550,wJVgw,和歌山県,朝焼けの橋杭岩,E91354736349855644
551,s7hA0,富山県,立山 室堂の雪の残る春,E91389949736964664
553,2Tpoe,長野県,北アルプスの夕闇,E91389655816722489
554,NB2Fh,三重県,ドラゴンロード,E91382828617748951
555,aO1lM,滋賀県,新緑の中の祈り,E91381999248865941
560,MDH7T,青森県,奥入瀬渓流,E92448169823174763
561,Z7QAI,京都府,南禅寺水路閣,E91381739599965132
562,28FbV,山口県,関門海峡の夕暮れ,E91259379565896748
564,Dd0xq,新潟県,夕暮(笹川流れ),E91639432272576877
565,U0zxp,北海道,朱色の湿原,E92497711428654891
566,ra1fv,秋田県,宝仙湖の夏,E92444389381637251
568,k6VqZ,秋田県,田沢湖の夕暮れ,E92444353356754712
571,x1JKE,栃木県,スッカン沢,E91633613542316543
574,5e8eE,秋田県,米どころ秋田,E92444151372673444
575,Qxgzz,山梨県,苔生す南アルプス,E91394912584469252
576,IJzJi,北海道,旧国鉄士幌線アーチ橋梁群,E92722164614292245
584,rW1V2,東京都,渋谷センター街交差点,E91396598176771879
593,1lQJY,新潟県,黄金色の輝く雲海(星峠),E91632474812548718
594,ORpvF,岐阜県,1300年の歴史,E91385533286179427
595,iRCPf,長野県,焼岳の爆裂火口,E91389616779187851
598,owRU0,山梨県,朝焼けに染まる雲海と富士の山,E91394912584469252
599,mBljJ,山梨県,尾白川渓谷／千ヶ淵,E91394944381176298
600,wrrie,山梨県,甘利山のレンゲツツジと雲海の富士山,E91394921328148373
601,2dKpm,山梨県,朝の甲斐駒ケ岳,E91394943161511466
604,CunqI,長野県,苔の森・白駒池,E91397354492669293
605,e0utN,長野県,御射鹿池,E91397341973711495
607,a9H7W,山梨県,久遠寺の桜・身延山,E91394386264526647
608,sENtE,長野県,御射鹿池の紅葉,E91397341973711495
610,5kE2y,長野県,木曽駒ケ岳から見る赤岳(八ヶ岳)越しのご来光,E91394741951616789
611,znv35,長野県,朝焼けに染まる八ヶ岳,E91397336496868859
613,XaxyZ,福島県,福島県　浄土平,E92414517453373198
614,6rhh5,長野県,野辺山から富士山を望む,E91397329828961334
615,N3qh5,長野県,早朝の高ボッチからの眺め,E91397274544991288
616,A0Bxv,長野県,ガボッチョからの眺め,E91397259866528649
618,VeL0g,北海道,夕刻の知床,E92734313568875271
620,cJXAc,山梨県,満月の実相寺の桜と甲斐駒ケ岳,E91394951823829751
622,CXlnZ,長野県,早朝のヤマナシの木と男山,E91397336442297577
623,Z8C62,山梨県,北岳より夜明けの富士山を望む,E91394598565123422
624,k2OUN,山梨県,北岳山荘から見る夜明けの光景,E91394598565123422
628,i3Gyr,山梨県,神明の花火,E91394669246164544
630,InPit,三重県,照らし出される,E91382433467136752
634,Rtgbj,沖縄県,琉球いざよい,E67842855445369842
635,AFWNQ,福井県,大虫神社宮橋,E91384979325774445
636,aDrle,北海道,哲学の木,E92721433392518616
640,h6xDI,青森県,中野もみじ山,E92447397929465734
641,TaJrU,京都府,平等院鳳凰堂,E91381574159751589
644,kHYTL,福島県,会津武家屋敷,E91636338766558567
646,EwP1Y,京都府,西芳寺 (苔寺) ,E91381725896945859
648,fDwB4,京都府,清水寺,E91381739214923187
650,LG94e,長野県,硫黄岳（八ヶ岳）,E91397327589628521
651,uhAP3,長野県,八ヶ岳,E91397327345122328
655,OY9oJ,北海道,洞爺湖,E92475777977925883
656,MXoN0,北海道,寝台特急カシオペア,E92478688431545655
658,OQh3S,長野県,燕岳,E91389698144241872
659,KPU6R,京都府,先斗町,E91381738626553848
660,hDN89,京都府,清水寺,E91381739214923472
661,wsnsI,京都府,地蔵院,E91381725973278922
663,Q2OeJ,新潟県,星峠の光芒,E91632474812548718
664,Klom3,新潟県,日本名水百選　龍ヶ窪,E91632428172467571
666,KHCzG,福島県,涼を求めて(達沢不動滝),E92414193813777225
671,MbAnq,沖縄県,与那国島　東埼展望台,E67725449353237593
672,W0rrh,青森県,銚子大滝,E92448165377855553
677,kK57U,山口県,角島,E91259947875665925
679,3cGjM,群馬県,尾瀬,E91632633488964414
694,8SJhC,広島県,厳島神社,E91268862699692532
697,3OVON,沖縄県,潮崎町,E67842817468942958
715,oT9gE,沖縄県,石垣島　米浜海岸,E67726566853917882
720,XQWh5,長野県,美ヶ原　王が頭,E91397524868633499
729,RamfF,広島県,虹の広島城,E91268985444161514
730,MiJOS,岡山県,津山城跡（鶴山公園）の桜,E91371964853419914
734,aSrT5,新潟県,長岡の花火,E91635224427282449
747,MYkpA,長野県,野辺山の紅葉,E91397336715713716
751,Um8rP,新潟県,長岡 花火大会,E91635224427282449
754,plmNy,大阪府,空中庭園から見た光,E91373631566711981
757,ru8R8,新潟県,冬の朝(十日町市),E91632496863576562
758,9nf7t,新潟県,笹川流れ(村上市),E91639432272576877
774,MM46P,青森県,弘前公園のさくら,E92447298697815341
777,cOBE6,和歌山県,熊野古道（和歌山）,E91357142876945244
778,tFgGF,山梨県,吐竜の滝（どりゅうのたき）,E91394989572872253
782,eCJ9z,栃木県,小田代ヶ原へ続く道,E91633161775913288
790,DXjzD,福井県,平泉寺白山神社,E91388166398363171
791,NRFfz,富山県,剱岳,E91389984427388988
792,1eeXx,岐阜県,天空の要塞　ジャンダルム,E91389539687887667
793,qLMQM,兵庫県,豊岡市来日岳　雲海,E91375692932816494
798,5vlzS,兵庫県,淡路島の朝,E91373122578492745
802,YgcEl,鳥取県,江府町　木谷沢渓流,E91374169476377337
803,mS1eV,新潟県,滝雲(枝折峠),E91632688735222327
805,KBlZV,鳥取県,浦富海岸,E91375547739554114
809,QX8Dh,長野県,槍ヶ岳,E91389658844794677
810,QYTlR,新潟県,枝折峠,E91632688735222327
813,CSjNL,山梨県,本栖湖の朝焼け,E91395424148592537
817,XAl8I,福島県,毘沙門沼（五色沼湖沼群）の秋,E92414187786618229
821,9861m,群馬県,覚満淵の秋,E91398964555544125
822,nr1Us,京都府,京都嵯峨野　晩秋の祇王寺,E91381752141951981
828,Il8az,秋田県,宮城県　秋の鳴子峡,E92441353213358432
829,3lPlJ,群馬県,紅葉の尾瀬,E91632389934671844
831,5MY8e,新潟県,福島潟の夜明け,E91635933329695987
834,XR12R,長野県,戸隠・鏡池の紅葉,E91631242214611954
841,0Sf83,長野県,御射鹿池の秋,E91397341973711495
843,i7zLJ,長野県,八ヶ岳の紅葉,E91397347373676865
844,FiExk,長野県,車山,E91397283359669456
850,2IgOL,兵庫県,養父市　天滝渓谷,E91375348625141951
851,8wnqF,兵庫県,養父市　天滝渓谷,E91375348625141951
852,Y5ueg,北海道,秋の支笏湖,E92478359995772322
853,Vq1Y0,北海道,宮島沼,E92479799883478725
854,4OTm4,山梨県,夜叉神峠の紅葉,E91394676551668442
856,BpmeZ,北海道,静寂に包まれる支笏湖,E92478357798864294
857,1peby,山梨県,夜叉神峠,E91394676544354266
858,GWmOR,青森県,竜泊ライン：国道339,E92471252717161978
859,xiUqM,長野県,秋山郷の秋(栄村・屋敷山),E91632181791824852
860,RhnEE,北海道,私はエゾリス、北海道の固有種です！,E92478676869399735
862,CAXbA,兵庫県,朝来市　竹田城跡　天空の城,E91376141933848371
863,WWNtR,徳島県,祖谷の吊り橋（徳島県祖谷渓）,E91347296528229375
864,sstg2,徳島県,祖谷渓のかずら橋と野猿,E91347296528229375
870,hoatw,静岡県,ウインドサーフィン,E91391268454845835
874,dEKsV,静岡県,アカウミガメ,E91391268891696357
875,hgzCr,静岡県,カツオの水揚げ,E91391292115544381
877,MP02l,静岡県,御前崎港と富士山,E91391292149233834
885,1KHKs,長野県,白樺高原　夕陽の丘,E91397293669291762
886,B5fcI,山梨県,鳳凰三山の目覚め,E91394942995882944
892,M80L0,兵庫県,城崎町　竜宮城(噴き出す雲海),E91376477241893815
895,oMhlV,兵庫県,豊岡市日高町　色とりどりの紅葉,E91375626336965273
906,P2pU2,新潟県,信濃川,E91632846159521262
913,WXD3W,愛媛県,佐田岬から望む豊後水道,E91265456959967691
914,fXGyK,愛媛県,金柑の木々（松山城二の丸庭園）,E91269167137467545
916,9d6mG,山梨県,朝陽を浴びる富士山,E91395416242494124
923,FdyYX,兵庫県,新舞子浜　マジックアワー,E91372539885379469
925,pxwez,福島県,晩秋を走る(只見川第一橋梁),E91636237744213259
932,TSOnF,鳥取県,浦富海岸　月夜の千貫松島,E91375468694953392
933,U5PyH,鳥取県,浦富海岸　向島の恵比須神社,E91375547741468378
936,VixYZ,富山県,夏の立山,E91389957482763124
938,0Ewzr,山梨県,霊峰富士,E91395582395464733
943,MTi9H,茨城県,大洗磯前神社・神磯の鳥居,E92177657255755557
948,FIDvH,茨城県,月の光に照らされた大洗磯前神社・神磯の鳥居,E92177657255755557
950,L1SOI,京都府,京都　大原三千院の苔庭,E91381872867846499
952,4nqkL,富山県,富山　砺波市の散居村集落,E91388997198155574
954,SOTcV,兵庫県,神戸大橋の夜景,E91373289453735119
955,0L2w2,兵庫県,摩耶山掬星台(1000万ドルの夜景),E91373526492251489
960,aPJyJ,茨城県,朝陽に照らされる神磯の鳥居(大洗磯前神社),E92177657255755557
967,nTUK9,兵庫県,豊岡の厳島神社(楽々浦宮),E91376471759194667
975,MWkbg,福島県,冬の朝(桧原湖),E92414416125416645
976,dPFTg,兵庫県,神鍋高原　神秘の池(冬景色),E91375619977184422
978,dJYfJ,兵庫県,日和山海岸　竜宮城,E91376477241893815
982,chVOG,岩手県,岩手　一関市の猊鼻渓,E92442341679854637
986,p37Qk,新潟県,冬の星峠,E91632474812548718
987,lfTw3,鳥取県,明智峠から見る裏大山(朝焼け),E91374121131877121
991,WcMzR,山形県,銀山温泉,E92417672514472268
992,KptZQ,熊本県,阿蘇山,E91253819814914355
993,ad4e7,長野県,乙女の滝,E91397266333192453
998,RdFdG,奈良県,大峯と天使の梯子,E91357911223268472
1000,WS7Qv,山形県,樹氷ライトアップ(蔵王温泉スキー場),E92417223866211698
1003,pl4Tk,山形県,アイスモンスターの行進（蔵王温泉スキー場）,E92417223866211698
1008,KJvRz,青森県,青森　深浦町の千畳敷とかぶと岩,E91669634241253426
1013,I0BpU,神奈川県,箱根神社参道,E91395311824388356
1014,fbzdf,鳥取県,浦富海岸　鴨ヶ磯,E91375469735959182
1019,3p7lJ,北海道,美瑛の丘-クリスマスツリーの木,E92721199116558296
1033,UQjeO,富山県,冬の庄川峡,E91388965993137766
1055,BnmJG,京都府,磯の棚田,E91376731518187646
1056,9mrHl,北海道,吹雪の五稜郭,E92472771882743977
1057,dV0Vo,兵庫県,玄武洞公園(青龍洞),E91375669833713954
1062,NOiBe,山梨県,金峰山がら満月が昇る,E91394943866317746
1071,Coi1a,福島県,雪降る大内宿,E91633981398454594
1074,ttYjm,北海道,小樽運河(冬),E92478844252955167
1077,H4DNy,岐阜県,冬の白川郷,E91388652137949237
1078,QwxeQ,京都府,嵐山　渡月橋の朝,E91381728824437635
1080,CXr2b,京都府,北野天満宮　三光門(早春),E91381761526678579
1085,0eM3n,宮崎県,天安河原,E91261733952185585
1087,mo57r,北海道,ジュエリーアイス,E92488362452162914
1097,sDvtP,鳥取県,夜が明ける,E91374192828834216
1104,TXMEj,岐阜県,冬の夜(白川郷),E91388652137949237
1106,4Ssd1,兵庫県,豊岡市来日岳　春の雲海,E91375692667943285
1108,o8n8t,北海道,タンチョウ,E92498796313816881
1109,APYjk,北海道,春国岱,E92498796313816881
1110,KBD77,北海道,早春の雨上がり,E92723835897637326
1113,zwk7S,北海道,白い貝殻の道,E92719883647979163
1114,ukmYn,東京都,駒形橋からの景色,E91396915235838994
1115,eoNnj,北海道,離島の夜明け,E92718593833362717
1116,JRbjB,北海道,利尻島遠望,E92718575883641276
1117,z7kc3,北海道,牧歌的風景,E92715664256681529
1118,crKpX,北海道,ケイマフリ,E92715643846581127
1119,dn1eo,岡山県,児島 宇野津の棚田,E91371238112646741
1121,ONac3,北海道,夕暮れのキタキツネ,E92734313535876291
1122,VJCKA,北海道,海別岳,E92731834943755248
1123,DjPSQ,北海道,プユニ岬の眺め,E92734313837685952
1124,pKX2F,北海道,知床の断崖,E92734313992613155
1125,T19pe,北海道,稚内・文芸の小径,E92719761899314637
1126,D473b,北海道,網走流氷破氷船おーろら,E92723976319928698
1127,IhFRJ,北海道,鮭漁師,E92732178734557983
1132,gy7lt,北海道,生後１ヶ月の子鹿,E92734313946613958
1133,hXr5t,北海道,カムイワッカへの道,E92734337586621891
1134,dE4F9,北海道,結氷したオンネトーと雌阿寒岳,E92723214869631793
1135,oyvGq,北海道,知床連山こけし岩,E92734339126214315
1137,YtaZc,北海道,幻のポンホロ沼,E92734321252877891
1138,2xZAM,北海道,知床の断崖、シーカヤック,E92734313946613958
1139,9qGfc,北海道,大地の突端シリエトク,E92734324156311826
1140,nE5GZ,北海道,晩冬の流氷,E92731893739681515
1141,zYLsT,北海道,網走湖のワカサギ釣り,E92723947975655675
1142,KFpPJ,北海道,夜のチミケップ湖,E92723437156491551
1144,Ezm66,北海道,トマムの馬,E92487589364427252
1145,vOrHs,北海道,カムイワッカ湯の滝,E92734338754354438
1146,ZLXEG,北海道,羅臼岳登山道・泊場,E92731996451594645
1147,DIpWk,北海道,観音岩,E92735159638764398
1148,xuxzw,北海道,早朝の知床峠,E92731997175629927
1149,ocpDC,北海道,網走流氷破氷船おーろら,E92723976319928698
1151,qpX43,北海道,羅臼のシャチ,E92731996451594645
1152,SViEI,神奈川県,梅の花,E91396289566314769
1156,ARtBd,長野県,雨のひょうばく撮影,E91397361193864556
1159,bxQpz,兵庫県,有馬温泉の妬湯,E91373561986792946
1162,tFuUM,青森県,奥入瀬渓谷,E92448169823174763
1163,ncvBy,静岡県,光芒,E91392918484569183
1165,vAhHz,北海道,ナキウサギ,E92488783816669947
1168,FrXjJ,宮城県,蔵王,E92414899442367668
1173,5gOq3,神奈川県,浮島工場夜景,E91396641315837146
1176,jUW0J,栃木県,朝日岳,E91633698352688133
1180,8pw7L,千葉県,大山千枚田,E91393996113125251
1188,fbRrB,山梨県,ダイヤモンド富士,E91395521176962231
1192,n3Hcg,東京都,東京ゲートブリッジ,E91396679314848318
1193,RoE44,神奈川県,ヤビツ峠,E91395398856947849
1195,BIJAu,山梨県,紅富士,E91395289194944695
1196,1m2uQ,山梨県,富士五合目,E91395195685752261
1197,Z3Nzk,神奈川県,ランドマークタワーと桜,E91396522864464188
1205,M0HJ6,長野県,車山,E91397291462516556
1207,HUtd2,長野県,高ボッチ高原,E91397274544991288
1214,Go5uz,北海道,青い池,E92721259765567955
1215,csXMi,北海道,シューパロ湖,E92479685377994423
1216,552JF,北海道,雲海テラス,E92487588678941923
1218,N5Puv,神奈川県,マリンタワー,E91396523438587684
1225,y0ULs,北海道,老蔵になごり雪,E92713715252672646
1227,CS9RQ,北海道,ローソク岩,E92716191272814999
1229,44IDA,北海道,春の雪に彩られて,E92713679385982886
1232,hErIW,北海道,雪の漁港,E92716578947174324
1233,G279F,北海道,オトンルイ風力発電所,E92719166796534923
1236,II7em,京都府,ミツマタの群生地(春雪の朝),E91376388626177442
1237,Ewy2l,北海道,コハクチョウ,E92727428288379197
1238,Pqm5q,北海道,弁天島,E92719894995379158
1240,dPzZw,北海道,駅舎の記憶,E92713823975196596
1241,Bfu0H,北海道,放牧,E92725466549293279
1242,PVXeQ,長野県,ガトーショコラの浅間山,E91397699717619434
1244,8qrlc,長野県,朝靄の上高地,E91389627937762362
1250,G19Dl,兵庫県,神鍋渓谷(苔むす世界),E91375619977184422
1251,8MeiI,兵庫県,神鍋渓谷(一ツ滝),E91375619977184422
1252,RnvFr,兵庫県,神鍋渓谷(二ツ滝),E91375619977184422
1253,0D3uE,秋田県,元滝伏流水,E91663632798174276
1256,pm4tv,北海道,地球の息吹,E92723636389546346
1258,gVKpG,北海道,ハルニレ,E92488376574398772
1268,OJzyy,富山県,白銀の秘境,E91388968358816527
1269,6PSDX,和歌山県,夏空の想い出,E91346978444571866
1273,lE5cU,富山県,錦秋タンボ平,E91389958621425133
1289,SAieR,北海道,親子岩,E92484634357679687
1290,ZCCVO,千葉県,千葉　いすみ市の津々ヶ浦,E92174229444698829
1296,oNT57,福島県,花見山公園の春,E92414641118776856
1298,sFn9j,新潟県,佐渡島、万畳敷,E91634591699181584
1301,v9HHC,鳥取県,大山。桝水高原の夜に向かって,E91374191915929538
1305,08FXJ,山梨県,新倉山浅間公園（忠霊塔）の桜,E91395518469268383
1306,KuP0S,福島県,春の香りに包まれて,E92414641186438813
1309,v6SMt,新潟県,高田公園の夜桜,E91631596251796459
1310,zmeNS,兵庫県,城崎温泉(夜桜),E91375696325335744
1326,CgVXv,香川県,夜明けに染まるマーガレット畑 ／フラワーパークうらしま,E91347815752475374
1339,Z5gHA,京都府,春の八坂,E91381739158187899
1346,ttHs8,大分県,真玉海岸（日本の夕景１００選）,E91264882126182933
1348,bXOvJ,京都府,緑秋の滝口寺,E91381752118437837
1350,TwZbg,長野県,北アルプス,E91397467177184881
1356,b8m3j,東京都,東京駅,E91396911228358117
1360,5YKcv,埼玉県,川越祭り,E91396799724667536
1361,pNzeU,埼玉県,川越祭り,E91396799724699153
1364,k7aj4,福岡県,姉子の浜,E91255834524789195
1365,ELXwX,京都府,二条城,E91381738717838513
1367,B2sIQ,群馬県,上発知の枝垂れ桜,E91632318619245543
1368,w50bl,群馬県,一ノ倉沢　モルゲンロート,E91632291581473719
1369,AvBQ1,山梨県,茜色,E91395439677617887
1371,9lyK8,熊本県,静寂な舞台,E91253991334565429
1374,1bfqW,長野県,金峰山,E91395784331752239
1375,UElAu,茨城県,茨城県 鯉のぼり祭り,E92411232693984119
1380,qe2F5,北海道,桜が満開の函館・五稜郭,E92472771882743977
1395,ipFA2,山梨県,わに塚の桜,E91394926235951289
1413,JRIKZ,新潟県,中子の桜,E91632416966443231
1416,k1gci,北海道,車通りの多い北の繁華街すすきの,E92478685881382756
1417,njbal,北海道,フレペの滝とオホーツク海の流氷,E92734313946613958
1426,OnpUe,群馬県,草津温泉のもみ湯,E91398776625968378
1428,tGqY4,山梨県,主峰　赤岳への最後の登り,E91397324598175831
1429,TU6Xh,山梨県,威風堂々,E91397324598175831
1430,MeV0B,長野県,燃ゆる北アルプス,E91397324722954366
1434,8Mnju,鹿児島県,夕暮れ,E67881955991842364
1437,YExph,北海道,摩周湖の星空,E92731413391748565
1438,6Qq5v,山口県,一の俣桜公園,E91259961651286163
1442,DYE8C,山口県,初夏,E91267598632899739
1444,SMx5v,福島県,吾妻小富士からの雲海,E92414517559453822
1462,HBney,愛媛県,今治城ライトアップ,E91269564118459233
1463,1sFp8,富山県,冬の立山より,E91389981137824487
1464,SFull,長野県,唐松岳の星空,E91623333728192746
1465,zMdD0,長野県,唐松岳からの日の出,E91623333728192746
1466,C9LIz,山梨県,冬の鳳凰山,E91394912584712884
1468,xRXUo,和歌山県,白良浜から望む夕暮れ,E91346978169845987
1469,eXGcg,長野県,御射鹿池,E91397341973711495
1472,KH8xA,兵庫県,白井大町藤公園,E91376181236336281
1473,5AGSW,高知県,朝霧の沈下橋,E91344744358855471
1478,MB8UQ,宮崎県,椎葉村　仙人の棚田,E91261423447478653
1480,fACs1,広島県,朝霞む棚田の秘郷,E91292264348928859
1482,x71fO,山口県,カルストの夜明け,E91267735789717891
1483,OpQkL,神奈川県,鎌倉の千本鳥居,E91396248129123825
1484,3grvb,京都府,神秘の森,E91376631122625949
1485,7RrDu,宮崎県,門川町　桃源郷,E91261621682487964
1493,2mNJ5,新潟県,夕靄の日本海,E91635915146496611
1508,3KvVZ,静岡県,田貫湖の富士山,E91395148732891424
1509,wF59f,新潟県,越後平野,E91635515865548946
1511,uXgjh,佐賀県,初夏,E91255735365795435
1512,7CYyD,長野県,阿寺渓谷,E91386687577552378
1513,k1SQO,長野県,美ヶ原高原,E91397524852796776
1515,6F4co,長野県,木曽駒ケ岳,E91394744334223292
1517,E41Un,兵庫県,神戸大橋,E91373289458371992
1531,Q8CjB,兵庫県,日和山海岸(日の出),E91376477242883912
1534,yryjM,岐阜県,円原川,E91385597633246751
1535,3QkN0,岐阜県,円原川,E91385594882832891
1546,CAtZ9,沖縄県,黄昏時,E67735787588847614
1547,oqo4Q,長野県,雲海,E91397743311785392
1548,hVEpK,宮崎県,奥日向路,E91261426292553829
1549,OqRSn,島根県,宍道湖   湖畔での夕景,E91296532869643443
1551,rJeJG,秋田県,旅の終わり,E91666565479754682
1552,sSR4c,兵庫県,新温泉町　シワガラの滝,E91375525882518632
1553,Voctl,兵庫県,新温泉町　猿壺の滝,E91375523445259341
1555,Vx0nm,北海道,しらひげの滝,E92721267156231788
1558,mtC1z,北海道,マイルドセブンの丘,E92721432589194569
1566,7G9Jv,北海道,白い壁,E92474152951817573
1567,1O3pf,新潟県,越後平野の夕焼け,E91635627154555329
1568,SFw03,東京都,東京都新島村白ママ断層,E91369747598137582
1570,IeDky,富山県,立山連峰と新湊大橋,E91623145741821538
1576,NlH0I,富山県,鏡になった日本海,E91623147434291387
1578,vBzBk,和歌山県,和歌山      那智山  三重塔と那智の滝,E91354884779341528
1583,ZU80K,兵庫県,野々庄　初夏の朝,E91375639246199718
1588,RcCGt,北海道,待ち遠しい春,E92479221617282232
1592,PwPYc,長野県,白糸の滝,E91398479677922756
1593,H8smp,栃木県,小田代湖,E91633164313746631
1594,S6Hd9,岩手県,盛岡市　岩山展望台,E92445238457846931
1595,6JXmo,宮崎県,島毛灯台の夜明け,E91261655669527832
1604,2RwLD,神奈川県,日が暮れる前に…,E91396165329989752
1608,YtIVp,石川県,黄金の糸,E91388858248775653
1617,hmkP9,福島県,達沢不動滝,E92414193819771918
1620,4kx6f,青森県,津軽ダムを見上げると,E92447271252277742
1623,MZWpv,栃木県,栃木　日光　華厳の滝,E91633139685368395
1624,g0GGa,長野県,大正池,E91389627126968193
1625,AobUh,兵庫県,畑ヶ平(緑の世界),E91375523445252737
1628,1Wbai,熊本県,上色見熊野座神社,E91261748315381895
1630,fvThp,広島県,いにしえの朱に染まりて,E91268838829453977
1639,urxOf,青森県,春先の地獄沼,E92448425127567153
1655,kRUm3,長野県,霧の御射鹿池,E91397341973717127
1659,Iryw3,新潟県,早春のはさ木,E91632842871454926
1669,2Gx91,青森県,晴れた日の美山湖,E92447169949613886
1673,U0Kmh,兵庫県,うへ山の棚田,E91375532522239529
1674,6jj6I,富山県,剣岳,E91389984428459298
1675,cZIP6,青森県,浪岡ダムの湖面,E92447661835948776
1677,oTfRD,群馬県,ノゾリキスゲ咲き乱れる天空の湖,E91632125566383791
1679,WNHdo,群馬県,"ノゾリキスゲ咲き乱れる天空の湖 ""野反湖""",E91632122998475118
1688,IKlAN,兵庫県,豊岡　柳まつり花火大会,E91376441858513391
1691,5fhHn,群馬県,チャツボミゴケ公園,E91398779656711584
1694,8MWa8,山形県,羽黒山の秘境,E91639938385755139
1696,BLmqc,福島県,毘沙門沼であの人と磐梯山を望む,E92414187786243835
1697,MA2I2,山形県,月山頂上からの雲海と鳥海山,E92417447696898869
1699,QR6Xo,群馬県,チャツボミゴケ公園,E91398779656711584
1700,kpLkR,群馬県,チャツボミゴケ公園,E91398779656711584
1702,UXjkO,群馬県,チャツボミゴケ公園,E91398779656711584
1704,hve4P,山口県,角島大橋,E91259948442599855
1706,MN8Wu,島根県,宇津井駅前,E91293475844583471
1707,WUXZc,広島県,福山市花火大会,E91371112284838514
1708,vv7FQ,山口県,錦帯橋,E91268576968778969
1710,lJ87w,徳島県,祖谷のかずら橋,E91347371193716571
1714,i74kw,広島県,壬生の花田植,E91292398527984217
1715,7o7GL,岡山県,鬼ノ城,E91371534293498747
1716,qCDAx,滋賀県,彦根城,E91384362278764353
1718,MrtEq,長野県,御射鹿池,E91397341973717127
1719,aWy3a,長野県,苔の森,E91397354492341272
1720,gAUe1,長野県,美ヶ原高原,E91397524774243359
1721,ziV4f,島根県,大根島の廃船,E91296619347155525
1730,S26qg,兵庫県,畑ヶ平(光芒の朝),E91375523445259341
1734,p4Qb5,福島県,只見川第一橋梁・夏,E91636237744213259
1742,tX8GU,兵庫県,兵庫　明石海峡大橋,E91373194381957572
1747,PuZfN,山形県,黄泉がえりの山、湯殿山,E91639669522831324
1748,srzr9,香川県,津島神社の夏,E91347825584613575
1749,KRMAi,兵庫県,畑ヶ平(光芒の朝　其のニ),E91375523445259341
1751,d7Biv,新潟県,夜空の華(おぢやまつり大花火大会),E91632848472237864
1752,HDwIN,高知県,川霧,E91344718854817963
1753,n3TCz,長野県,白馬鑓ヶ岳,E91623333987924314
1760,rMYtS,熊本県,熊本　阿蘇の草千里,E91253991334565429
1764,ielZ8,茨城県,夏空コキア（国立ひたち海浜公園）,E92177687652989435
1766,7H7Z0,茨城県,夕空コキア（国立ひたち海浜公園）,E92177687653755925
1768,etqLY,島根県,由志園（牡丹の里）,E91296627165168424
1774,CHDhf,大分県,竹田市 白水ダム,E91261792983614195
1777,q6qZA,東京都,東京　外苑イチョウ並木道りの紅葉,E91396599717124985
1782,sSm9e,熊本県,阿蘇ミルクロード西湯浦園地展望所からの雲海,E91256326282936825
1783,VvkkX,熊本県,阿蘇ミルクロードかぶと岩展望所からの雲海,E91256323828437861
1787,jIGtq,兵庫県,別宮の棚田,E91375296283559365
1792,niSEj,長野県,渋峠の雲海,E91398777897469338
1795,HUjOO,長野県,渋峠(芳ケ平湿原、草津白根山を望む),E91398777897469338
1796,Xdyhn,青森県,高山稲荷神社の千本鳥居,E92447819579777537
1800,uAgED,香川県,瀬戸大橋と夕日,E91347973196778952
1802,1T6DJ,香川県,仁尾公園,E91347813124574356
1808,NPzLd,兵庫県,野々庄　秋晴れの日,E91375639151612855
1809,2uifN,北海道,北海道　知床五湖と大自然,E92734326765138962
1811,voP6z,青森県,高山稲荷神社の千本鳥居の中から,E92447819579777537
1812,Z6wAx,青森県,高山稲荷神社のお稲荷様,E92447819579777537
1813,08Dey,熊本県,菊池渓谷,E91256316655299742
1815,aOOzp,鹿児島県,溝ノ口洞穴,E91229624859582338
1821,puQBw,鳥取県,橋津海岸  　ブルーモーメント,E91374618926539624
1824,S5chQ,宮崎県,耳川橋梁,E91261344184129567
1828,pJWhH,熊本県,菊池渓谷,E91256319247455342
1830,KYrHS,山梨県,新春の富士山(本栖湖より),E91395416242494124
1836,ZD4Xl,新潟県,深まる秋(星峠),E91632474812548718
1841,xMEQL,鳥取県,鳥取砂丘　雨上がりの朝,E91375453896883534
1843,obTsp,青森県,宇曽利山湖　極楽浜の風車,E92472284647468531
1844,mMKai,岩手県,岩手山,E92445291873959678
1845,GIsQj,宮崎県,日向岬とにっぽん丸,E91261376633973493
1854,JoUz1,青森県,佇む延命地蔵尊,E92472284269327683
1855,Cz4vr,岐阜県,乙女渓谷,E91386843666831461
1856,hmmNv,岐阜県,乙女渓谷,E91386843666831461
1857,LeA39,京都府,瑠璃光院,E91381844491181693
1859,3yhYa,鳥取県,倉吉線廃線跡(竹林),E91374283491875934
1860,5oxjd,長野県,渋峠(北アルプスを望む),E91398777897469338
1862,DNka4,長野県,高ボッチ山から望む富士山,E91397274564897576
1870,o9Frj,鳥取県,江府町　木谷沢渓流(其のニ),E91374169476377337
1873,u0qq3,福島県,磐梯吾妻スカイライン紅葉(浄土平付近),E92414517465867556
1887,33yex,長野県,木戸池 紅葉（志賀高原）,E91631336145547273
1895,kvDTD,京都府,京都　嵯峨野　亀山公園より桂川を望む,E91381728475224198
1897,nY48c,長野県,戸隠鏡池　紅葉,E91631242213712884
1898,AWKdl,長野県,木戸池（志賀高原）,E91631336145547273
1899,Zo5Xj,鳥取県,鍵掛峠(秋の朝),E91374168959388324
1908,SQvh9,福島県,只見川第一橋梁(只見線) 秋の風景,E91636237744213259
1909,ShVVH,鳥取県,大山　錦絵巻,E91374168959388324
1919,6Kn4N,福井県,養浩館庭園の紅葉,E91387367279233175
1920,lo3fm,千葉県,醤油の街の秋,E91399322544722537
1921,K59zc,長野県,モルゲンロート　涸沢　,E91389661834457155
1923,tKlxe,山梨県,朝陽に輝く富士山,E91395465359593872
1929,WyveA,兵庫県,養父神社　紅葉,E91375396535126737
1932,OEFRw,青森県,ダム湖に沈む,E92447169949613886
1933,k7e22,北海道,北海道駒ヶ岳,E92474394914252455
1934,sgkXH,福島県,相馬野馬追~神旗争奪戦(雲雀ヶ原祭場内)~,E92415195993751623
1936,SLvEV,福島県,相馬野馬追~神旗争奪戦(雲雀ヶ原祭場内)~,E92415195993751623
1943,6fW6E,宮崎県,高千穂の秋,E91261817636497468
1944,ZROyn,兵庫県,天滝渓谷　冬支度,E91375348625141951
1946,JtaTi,香川県,四国八十八箇所霊場　第八十一番札所　白峯寺,E91347954895993512
1953,RVCU9,富山県,富山　室堂平のみくりが池,E91389949872733788
1956,cpwV3,富山県,富山　室堂平のみくりが池,E91389949872733788
1960,3Zn46,山梨県,日暮れの光景(富士山と河口湖),E91395465359593872
1961,LZud2,兵庫県,姫路城(朝焼け),E91372658546382614
1963,VwkJK,京都府,京都　晩秋の常寂光寺,E91381728787234622
1968,v1fFO,兵庫県,豊岡市来日岳　御来光,E91375645152539817
1969,E6EPU,青森県,中泊町の風力発電所,E92447861654936375
1970,Ay55d,東京都,奥多摩の天狗のところ,E91395954182791692
1973,qJJSc,千葉県,arigatou,E92174155635292966
1974,fZjvR,兵庫県,兵庫　香美町の自然,E91375676194824312
1977,t8chR,京都府,京都　伊根の舟屋,E91376598947269511
1982,ABuDG,熊本県,えびの高原、霧島連山(日本三大車窓),E91229883932518983
1983,QIJ0Z,山梨県,富士山と河口湖畔の紅葉,E91395463297224282
1986,Tir9T,新潟県,マジックアワー(笹川流れ),E91639198195419921
1988,30L9P,長野県,戸隠神社　奥社参道杉並木,E91631242556221839
1993,5MGAw,北海道,北海道　神の子池,E92731723284975698
1994,Vlefo,岐阜県,三つ子の合掌造り(白川郷),E91388652137949237
1995,1zYY6,新潟県,小千谷祭り大花火大会,E91632848476426664
1996,NbkyS,兵庫県,猫崎灯台(兵庫県最北端),E91375698755549958
1999,2hgQ0,新潟県,瓢湖の白鳥おじさん(阿賀野市),E91635693726253853
2003,NCrM7,福岡県,雪灯り,E91256746957427221
2004,9Q9yD,兵庫県,猫崎半島,E91375698475419342
2005,WaLAI,兵庫県,冬の日本海,E91375698471458364
2006,mF6Ob,兵庫県,日本触媒姫路製造所,E91372617591812619
2008,s7asw,京都府,日本海側京丹後市網野漁港の夕焼け,E91376732518912956
2009,qh1Op,北海道,朝日を浴びる冬の五稜郭,E92472771882749139
2017,Ci1dV,新潟県,マジックアワー(福島潟),E91635933463246852
2019,x29Ss,香川県,屋嶋城　(やしまのき),E91348748724317666
2022,oRAd3,京都府,湊宮の桟橋,E91376484689258633
2024,lPKoA,新潟県,光芒輝く朝(星峠),E91632474812548718
2025,oC6eN,群馬県,日の出(渋峠),E91398777897945821
2026,O8KF4,新潟県,はざ木の目覚め(小千谷市),E91632842871454926
2027,fiKpK,長野県,横手山付近(志賀高原)から望む北アルプスに沈む夕陽,E91632111138243395
2028,yu6uK,熊本県,美里町の二俣橋,E91253568497322392
2033,383sx,長崎県,長崎　雲仙温泉　雲仙地獄,E91252923774437859
2037,nJvLO,神奈川県,茅ヶ崎の海と夕暮れと富士山,E91396156839261899
2038,9Fhps,千葉県,屛風ヶ浦を臨む,E92175724235825363
2039,LdnxQ,新潟県,妻入りの街並み(出雲崎町),E91635164665626164
2040,zc3em,北海道,黄昏る津軽海峡,E92472765314786711
2041,Cd6fY,熊本県,永尾劔神社,E91253469993124932
2053,ulPEj,滋賀県,彦根の琵琶湖,E91384362857646419
2054,hcQpn,鳥取県,西脇海岸,E91375572156279375
2055,3iK1V,鳥取県,白兎海岸　淤岐ノ島　,E91375442545517275
2056,LrODo,鳥取県,白兎海岸の朝,E91375442537426574
2057,EOkNN,北海道,地球岬,E92475574527929149
2062,O8KOQ,青森県,青森　白神山地　ブナの原生林,E91669634241319217
2066,w4KRg,新潟県,新潟市街地と佐渡島の夕景,E91635912976249422
2072,NZWhs,兵庫県,金山峠からの眺望,E91375613483454653
2073,HHMB5,滋賀県,蓬莱山,E91381891887672361
2079,UDVGR,神奈川県,陣馬山からの富士山と街並み,E91395689232675533
2081,4SvIJ,長崎県,長崎　グラバー園とグラバー邸,E91252733678851795
2084,depTM,東京都,勝鬨橋,E91396677619657514
2085,KcqV7,兵庫県,植村直己冒険館のユリノキ並木,E91375626336965273
2086,wK6BT,北海道,五稜星の夢（ほしのゆめ）イルミネーション,E92472771897984463
2088,dOY9d,新潟県,冬の日本海,E91639137525447659
2090,sEUU2,東京都,東京　レインボーブリッジ遊歩道芝浦側からの景観,E91396596923942113
2093,e8Sl9,新潟県,冬の日本海,E91639137524693118
2097,85zz5,山梨県,富士山と天の川,E91395427161266132
2106,wX1oH,滋賀県,琵琶湖の湖岸,E91384614351383127
2108,i8AdC,京都府,野宮神社　じゅうたん苔,E91381728793379711
2109,2avuR,京都府,夜久野高原の朝,E91376157934147993
2119,Xbl7V,滋賀県,白髭神社,E91384262292582799
2127,u4MQg,群馬県,谷川岳,E91632291141184144
2129,BIFFM,山梨県,三つ峠から,E91395545295428362
2139,oUFop,長野県,朝靄の富士,E91397274564897576
2141,uKv4A,静岡県,乙女峠からの富士山と御殿場の街並み,E91395263455177953
2144,2EcZE,青森県,城ヶ倉大橋から見える眺め,E92448424149957542
2145,swFNN,京都府,夜久野高原の朝(其のニ),E91376157934147993
2146,fSo27,兵庫県,蘇武滝,E91375624464545589
2149,01aHb,福島県,裏磐梯 朝の風景,E92414415356641812
2151,0Lj8F,福島県,只見線・第三只見川橋梁（大沼郡三島町）,E91636237744213259
2152,7oNuY,滋賀県,長浜市の夕焼け,E91384623451766969
2153,RTfuL,北海道,朝イチのゲレンデ,E92478159964718939
2155,nmDYF,長野県,冬の穂高連峰,E91389627937763161
2156,QLR8f,山梨県,冬の赤岳,E91397324598175831
2157,CgmrK,東京都,雲取山から富士山,E91395891528911654
2158,nxmtx,山梨県,赤岳の朝日,E91397324598175831
2159,usnNd,長野県,涸沢のテント,E91389655625797612
2160,W2jma,長野県,涸沢の紅葉,E91389655625797612
2170,4ZY8S,長野県,紅葉と山小屋,E91389655625797612
2172,oh2SO,長野県,穂高連峰の夏,E91389627937763161
2173,sq2td,富山県,夏の剣岳,E91389984428459298
2174,LqfC7,富山県,室堂の夏,E91389949736964664
2175,eBipk,富山県,雷鳥沢の夏,E91389973237173968
2179,38cLV,山梨県,赤岳と星空,E91397324598175831
2180,u0qUn,山梨県,山小屋と星空,E91397324598175831
2182,SMnl3,栃木県,夜明け,E91399534419115323
2194,k1S5F,新潟県,星峠・春の風景,E91632474812548718
2197,awWCV,千葉県,江川海岸,E91396386848918996
2198,BK8zJ,千葉県,江川海岸,E91396386848918996
2200,Rrx3d,千葉県,菜の花といすみ鉄道,E92174163931754389
2203,K1oB0,千葉県,春のいすみ鉄道,E92174163931754389
2204,ux6ZV,熊本県,市電のある風景,E91253827772998895
2205,vodom,熊本県,深夜の不知火町永尾神社,E91253469995321225
2206,bIklh,京都府,立岩(遠景),E91376818625859384
2207,QJNYy,京都府,屏風岩,E91376819517372844
2208,9p2lZ,兵庫県,ミツマタの森,E91375337198234833
2218,z9PUZ,新潟県,早朝の山古志,E91632883137615384
2226,6P5lI,宮崎県,里山の春,E91261574481582943
2236,rkMKt,京都府,伊根の舟屋と一本桜,E91376599758924492
2242,gGAt8,香川県,五色台　大崎の鼻展望所から望む,E91347981977185973
2244,r9HWB,滋賀県,桜ロード,E91381952897576228
2249,dink2,千葉県,千葉　早朝の外房海岸,E92174229646598929
2260,g4oER,山形県,最上川から吾妻連峰を望む春,E92414488876779741
2267,XXbjX,群馬県,逆さ赤城山,E91398956976891346
2268,f3Fp4,長野県,美ヶ原高原,E91397521648944972
2269,85DZw,兵庫県,光浴びる猿壺の滝,E91375523445259341
2270,8bcYr,兵庫県,盛夏の猿壺の滝,E91375523445259341
2271,uY3wM,兵庫県,優しい光につつまれて,E91373591819583168
2273,8wmJT,滋賀県,サクラミ,E91381952897382846
2282,DGXgO,兵庫県,光あふれて,E91375523445259341
2287,94QuH,京都府,京都　傘松公園から観る天橋立,E91376558694797319
2289,p574L,京都府,京都　大原　三千院　池泉鑑賞式庭園,E91381872485573595
2292,PoKmJ,東京都,本門寺 夕陽,E91396568432759226
2293,DvALa,新潟県,長岡の花火,E91635224427564174
2294,sBKbW,宮崎県,高千穂峡,E91261497661931297
2303,SO33O,京都府,夕日ヶ浦の夕景,E91376489538124456
2305,Ivycb,新潟県,越後山古志の闘牛(牛の角突き),E91632883137615384
2311,eDMTn,北海道,北海道　野付半島　トドワラの枯木,E92732421964695111
2317,mKpZa,兵庫県,生命緑,E91376129349199342
2323,wjNtk,京都府,丹後ブルー,E91376819517372844
2327,BNpW9,新潟県,「良寛と夕日の丘公園」(出雲崎町),E91635164786349635
2331,zJKU1,香川県,霧の瀬戸内海,E91347973241988856
2332,SFzZY,滋賀県,存在感,E91381598317972559
2333,w53X1,京都府,京都　銀閣寺の東求堂,E91381763381584812
2340,LGL68,青森県,光の桟橋,E92448474759492368
2341,U4UP4,滋賀県,小麦畑,E91381954462263786
2343,TKTe1,兵庫県,暑さに負けず,E91375523445259341
2348,wRguf,兵庫県,はさかり岩,E91375697197118133
2350,rUBek,新潟県,山古志 初夏の光景(長岡市),E91632883137615384
2352,jLLa4,兵庫県,浜須井の夜明け,E91375697426229458
2353,EnhYT,岩手県,天峰山,E92445371395718651
2360,FszSK,京都府,霧降りの滝と苔の壁,E91376494952984948
2362,QpOzU,山形県,秋田県　鳥海山,E92441175598578412
2369,kTEhr,兵庫県,竹野海岸,E91375698517748819
2372,gCH4k,神奈川県,梅雨,E91396248588657918
2373,CSqzG,神奈川県,紫陽花,E91396522614436644
2374,HE29L,神奈川県,紫陽花,E91396522476627778
2375,sSLLz,神奈川県,紫陽花,E91396522776381742
2376,gVdSv,神奈川県,梅雨,E91396248582388555
2378,U0tng,神奈川県,6月,E91396248582388555
2379,aYYmZ,神奈川県,6月の木漏れ日,E91396248378631311
2380,Ajeg0,神奈川県,浄智寺,E91396248524858885
2381,VH71n,神奈川県,円覚寺,E91396248582388555
2383,hHx8r,新潟県,美人林(十日町市),E91632481863294978
2388,r1rgn,新潟県,夕暮れのはさ木並木(新潟市),E91635658953182443
2389,y7Ikk,兵庫県,晴れのち黒滝,E91373576231398779
2390,Hso9x,静岡県,松と富士,E91392717126361518
2391,gLmR3,兵庫県,分尾の廃村跡(往時の面影),E91375624287685426
2394,ZTEyp,和歌山県,稲穂パッチワーク,E91349658146528656
2395,PsSx7,新潟県,"星峠, 癒しの光景(十日町市)",E91632474812548718
2396,lFNN0,秋田県,秋田　田沢湖畔,E92444365224375784
2397,RbC3s,秋田県,秋田　田沢湖,E92444327842978661
2398,rW9AZ,秋田県,秋田　田沢湖畔　御座石神社の鳥居,E92444327842978661
2408,nEJTz,奈良県,奈良　奈良市　猿沢池,E91381278477329594
2411,ozGdf,東京都,6月の窓,E91396498356993574
2412,TVnI5,東京都,背比べ,E91396498356763822
2413,WEfiQ,東京都,梅雨の合間,E91396498356847968
2414,udcFQ,静岡県,宇津ノ谷峠 明治のトンネル,E91391678758256546
2415,BkXrC,京都府,美山かやぶきの里(梅雨の早朝),E91384146587458915
2417,18Dkk,和歌山県,眠らない街,E91349549487342991
2422,ZH5C8,新潟県,護摩堂山の紫陽花,E91635627185683171
2423,82loJ,新潟県,初夏の目覚め(山古志の棚田・棚池),E91632883137615384
2432,vJK33,兵庫県,羽尻の大カツラ,E91375624518439346
2433,lNaAr,兵庫県,深緑の蘇武滝,E91375624466189232
2434,SDy00,神奈川県,湘南の海,E91396244424618631
2435,DEZ5Q,神奈川県,トンネルの向こう側,E91396245371937963
2436,WM44j,東京都,東京タワー,E91396599372881239
2437,D7HdH,香川県,玉藻公園（高松城）,E91347969482652868
2446,UXSjY,兵庫県,勢い,E91373576231398779
2447,SRQpY,新潟県,蛍の舞　(たきがしら湿原・阿賀町),E91636247545956888
2452,qCFqX,沖縄県,首里城公園　瑞泉門,E67842873218788285
2454,5mVVw,福岡県,別格本山鎮国寺、秋の装い,E91259156817697534
2463,YzxDo,沖縄県,沖縄　西表島のマングローブ林,E67726422189795138
2465,dM0IF,沖縄県,沖縄　西表島の古木、サキシマスオウの根幹,E67726422189795138
2466,5mATT,兵庫県,八反の滝,E91375628137788829
2467,PG6uR,兵庫県,阿瀬渓谷,E91375621863227615
2468,ntDWs,兵庫県,俵滝,E91375627531849624
2470,Ehwlc,新潟県,マジックアワー(福島潟の蓮池・新潟市),E91635933463246243
2471,omuHg,東京都,灯り,E91396595589912529
2479,55tyu,兵庫県,鍋ケ谷渓谷,E91375213924271676
2480,FD3oe,兵庫県,畑ヶ平の希望の光,E91375523445264787
2481,QYutx,兵庫県,豊岡の夜明け,E91375692667669678
2482,gjumu,東京都,雨上がりを歩けば,E91396915297359312
2484,c47Hi,兵庫県,猿尾滝(上段の滝),E91375612318122851
2486,tTU2g,京都府,夕日ヶ浦,E91376489538124456
2487,pwhxq,新潟県,ビタミンカラー(山本山高原ひまわり畑・小千谷市),E91632845296653413
2488,to3Zq,沖縄県,沖縄　石垣島の絶景　川平湾,E67726563153135487
2494,JLGo7,京都府,金引の滝,E91376552572233883
2495,A1yZq,京都府,今福の滝,E91376529715164748
2497,jarY0,東京都,東京タワー,E91396599372881239
2498,l1lng,長野県,美ヶ原高原,E91397524766172781
2500,yqwQe,大阪府,その先へ,E91373631395379167
2501,W7XhS,兵庫県,迷路,E91373522659832915
2502,uyi2p,青森県,弘前の桜,E92447299743529412
2504,F98gR,青森県,奥入瀬渓流,E92448169582827551
2505,WJJSY,青森県,白続く,E92471314291127295
2509,Hs1tI,青森県,緑のトンネル,E92448169582827551
2515,uAquz,新潟県,涼を求めて(苗名滝・妙高市),E91631281932822313
2517,C2hEu,兵庫県,記憶の記録,E91375525882518632
2518,OTJj1,青森県,白神 マザーツリー,E92447191714545255
2519,B3vNk,青森県,奥入瀬渓流,E92448169585946692
2520,laFhy,青森県,種差海岸,E92449158314571645
2522,85EEv,石川県,見附島,E91623798596319939
2523,N92eJ,東京都,東京タワー,E91396599372881239
2528,5CQEu,熊本県,阿蘇大観峰からの雲海,E91256335298258341
2532,Nj4wz,長野県,梅雨の蓼科湖,E91397266558463266
2538,s7sgM,岐阜県,西穂高岳（独標）からの眺望,E91389651584168152
2547,mnaex,富山県,砺波平野の散居村,E91388993127574294
2548,RRxKO,長野県,上高地（大正池）,E91389627126968434
2549,we1qp,京都府,由良川橋梁,E91376539767398646
2551,ctgZe,兵庫県,日和山海岸(深紅の時),E91376477245459319
2552,hDmHO,東京都,青の世界,E91396922149174183
2558,GWMrJ,神奈川県,横浜　買い物帰り,E91396287974368111
2559,aI5XK,山梨県,瀑焼け,E91395288931832115
2561,5f8ST,青森県,朝もやと湯気,E92448425127567153
2565,q4fna,新潟県,イエローカーペット（山本山高原・小千谷市）,E91632845296653413
2571,Kn97R,青森県,津軽びいどろ,E92447698316146256
2573,Gds3V,青森県,津軽びいどろ,E92447698316146256
2574,aysnz,青森県,津軽びいどろ,E92447698316146256
2583,A0UiV,長野県,天空の楽園   ヘブンスそのはら ,E91386621948692917
2585,vqy9w,兵庫県,日和山海岸(至福のひととき),E91376477245362597
2588,INQSo,長野県,昼神温泉からの北極星,E91386631942652715
2600,zhafS,新潟県,錦秋の渓谷(清津峡渓谷・津南町),E91632436914338842
2601,NlUvN,大分県,八幡奈多宮の元宮、市杵島と朝日,E91264684977297281
2602,ahnnE,青森県,十和田湖,E92448152663211121
2604,0rLL8,山口県,山口　長門市　青海島の奇岩,E91267773298572484
2608,4rmoN,山口県,山口　下関　角島大橋の絶景,E91259943631143733
2612,aPHUB,青森県,秋の八甲田,E92448434734836992
2613,n6Xj6,静岡県,初秋、夕日に染まる富士,E91395238269211421
2614,8WXks,静岡県,夕焼けと富士山,E91395238269211421
2621,cjoFc,山形県,飯豊山と集落,E91636923812286142
2622,V94N5,三重県,横山展望台,E91358944793357782
2628,WBGTL,三重県,哀愁,E91382828122256936
2631,lcwuz,宮崎県,日向岬　朝焼け,E91261384412848263
2632,0Zncx,富山県,剱岳の夏,E91389984428459298
2637,jbEGg,兵庫県,竜宮城と光の道,E91376477183679388
2638,eYl8D,青森県,圧巻の夜桜　弘前公園,E92447298931935153
2639,XAfbu,青森県,奥入瀬渓流銚子大滝,E92448169828263857
2641,zA5f1,青森県,日本海を眺めながら,E91669663837815932
2643,t0COP,青森県,平川市より眺める残雪津軽富士　岩木山,E92447379745227588
2645,Zz7Te,青森県,パワースポット岩木山神社,E92447521249725526
2647,5k0QD,青森県,弘前公園の紅葉,E92447298962251254
2648,NnA8q,北海道,向日葵,E92721433394991211
2649,JagOw,青森県,桜の旅,E92447298698164152
2651,Xdfzo,岐阜県,乗鞍岳,E91389374623328874
2667,vB4jn,青森県,ヤマセ,E92448434734836992
2672,Tc3sr,北海道,花の絨毯,E92721196353714768
2674,bvFqP,香川県,讃岐富士（飯野山）,E91347917941833749
2675,JkJoA,群馬県,"2,172 mからの星空風景(渋峠)",E91398777862215689
2676,qMaCC,香川県,栗林公園…,E91347965961938475
2682,XdbQd,静岡県,蓬莱橋｜世界一長い木造歩道橋,E91391556929361241
2689,xlswU,東京都,冬に咲く華,E91396674266332694
2690,dISJh,滋賀県,調和,E91381647558327673
2691,o2wCF,兵庫県,天高く仰ぎ見れば,E91375348625141951
2692,UDKwR,兵庫県,瑞宝の輝き,E91373562742621282
2693,0Rz6d,岩手県,めがね橋を走るSL銀河,E92442685726126545
2694,2HOIJ,岩手県,めがね橋を走るSL銀河ナイトクルーズ,E92442685726126545
2695,XYNgG,秋田県,八幡平「ドラゴンアイ」,E92445428754617481
2696,V1IdX,青森県,十和田湖でカヌー,E92448152663211121
2697,0pIvN,青森県,夕暮れに浮かぶ鶴の舞橋,E92447555973497244
2698,kf1wO,青森県,田名部祭り,E92472293734271157
2699,xyVcZ,青森県,仏ヶ浦,E92472176199528243
2701,7TiXC,北海道,July Morning...,E92719765134951999
2704,DASbD,北海道,July Afternoon...,E92721196353714768
2705,lJwwI,福井県,故郷,E91387365883391292
2707,MkIPt,三重県,英虞湾,E91358942375647846
2708,IOhvq,岐阜県,株杉の森,E91385836952167435
2715,oYOjN,新潟県,水鏡(長手岬・佐渡市),E91634838878182545
2718,5t5QV,青森県,志賀坊森林公園から望む夕焼け津軽平野,E92447385327912922
2723,3DIxJ,香川県,香川　高松市　栗林公園,E91347965961938475
2725,i8n1H,山梨県,赤富士,E91395463199553167
2728,xfhWD,新潟県,島の夜明け（ドンデン山頂付近・佐渡市）,E91634988577422351
2732,2WnAC,千葉県,夕焼けと富士山とスカイツリー,E91396926864625341
2733,fmZuH,長野県,晩夏の御射鹿池,E91397341973451521
2734,ztNzp,長野県,御嶽山（二ノ池）,E91386895786628374
2735,JwdUr,長野県,御嶽山（三ノ池）,E91386898183969498
2736,YeUuP,岐阜県,御嶽山（摩利支天山）からの眺望,E91386898172826124
2739,ixyjd,京都府,At a temple garden...,E91381736741986497
2742,JhPWy,兵庫県,うへ山の棚田(初秋),E91375532522239529
2743,PDThc,兵庫県,来日岳(初秋),E91375692692133246
2746,CO4Nv,福井県,東尋坊,E91387619613962431
2750,9ElhS,宮崎県,早朝の出漁,E91261384411687964
2751,Llyuy,北海道,美幌峠　雲海,E92723618656897787
2757,XeZAd,京都府,ブランコ_ゆらり,E91376489552182399
2759,GMqsp,長崎県,長崎港の夕陽,E91252811875341555
2764,ho9zk,岐阜県,宇津江四十八滝,E91389422848489145
2765,RRjIe,岐阜県,白川郷（天守閣展望台）,E91388652196821789
2766,LDNiS,岐阜県,白川郷（三つ子の合掌造り）,E91388628774238389
2767,mslup,新潟県,尖閣湾(佐渡市),E91634896131514293
2768,qLytg,兵庫県,御待岬(初秋の朝焼け),E91376477183916717
2769,KprR1,兵庫県,楽々浦の厳島神社(鏡面世界),E91376471767131774
2771,iGLwt,群馬県,芳ケ平の夜明け(中之条町),E91398778472954818
2773,1F2XW,京都府,名もない空の下で,E91376818532743525
2774,vSy1q,兵庫県,天井竜図,E91373798987622711
2775,2jVjs,三重県,鉄の街,E91382824219631898
2777,60OiE,島根県,島根　足立美術館の日本庭園,E91296382777841491
2781,O3DS0,北海道,Floating Ice at Wakkanai...,E92719765143116494
2782,Vg2Ny,北海道,夜明けの海氷…,E92719765118885435
2783,2Bmw9,京都府,祇園枝垂桜…,E91381739426512233
2785,vZQkQ,福岡県,筑前大島、海と夢の小夜島,E91259176257586863
2786,7shqo,福岡県,筑前大島、海と夢の小夜島,E91259176257586863
2787,gPOWS,福井県,壁の向こう側,E91388134587358241
2791,row3b,長野県,志賀高原横手山,E91631335992898798
2792,UNgLN,栃木県,渡良瀬遊水地の朝焼け,E91399553382329548
2794,wS46R,北海道,冬の利尻富士…,E92719485519439235
2795,MRSd3,富山県,立山のライチョウ,E91389973237173968
2801,5bo2E,栃木県,渡良瀬遊水地の日の出,E91399553277181656
2802,TIMJm,富山県,立山の稜線,E91389957482882854
2803,wVqqE,山梨県,精進湖,E91395427156738987
2804,Ph1XF,茨城県,ひたち海浜公園　ネモフィラと菜の花畑,E92177687624892872
2805,Jy5s5,茨城県,大洗磯前神社「神磯の鳥居」と日の出,E92177657249725821
2806,Coost,東京都,セピア色の東京,E91396911217993555
2808,kCX0n,奈良県,夏の猿沢池…,E91381278474961345
2809,4XVqa,奈良県,“奈良”を想い出す…,E91381277599637561
2811,zO88l,茨城県,袋田の滝,E92411253682379772
2812,1G49B,茨城県,偕楽園,E92177595285474737
2814,5tiNP,愛媛県,御神木…,E91269834745658257
2816,Rv8dU,奈良県,龍田大社の桜…,E91381158627533226
2818,u5Qge,兵庫県,うへ山の棚田(夏の朝焼け),E91375532522239529
2819,vAElO,兵庫県,吉滝(初秋),E91375531368124752
2820,ihTeo,兵庫県,豊岡盆地の上昇雲海,E91375692326675591
2821,Thq1k,兵庫県,結の雲海,E91375669995277262
2824,rX5qj,滋賀県,蒼と白の世界,E91384262292769367
2825,2Aoe7,神奈川県,海の記憶,E91393887993341648
2826,1ubse,東京都,ゆうひの丘からの黄昏,E91396495577581698
2827,ggq6N,北海道,A road on the Northern Land...,E92727446967621712
2828,tEbz9,鹿児島県,フェリーから見る桜島,E91229165266198762
2829,unXp4,秋田県,夜空に映える黄金色の稲穂,E92444151376982539
2830,qvGoW,青森県,黄金色の絨毯にそびえたつ独立峰 岩木山,E92447378913818187
2831,LPF6J,青森県,黄金色絨毯から眺める津軽平野,E92447376863299481
2832,dzeRM,青森県,黄金色に染まる津軽平野,E92447376863299481
2834,VprYW,新潟県,木漏れ日の中で（美人林・十日町市）,E91632481944585628
2835,hLCL6,兵庫県,城崎に向かう雲海,E91375692692133246
2836,zqPoU,新潟県,空の青そして海の青さよ(笹川流れ・村上市),E91639198786791315
2838,8M3Ub,茨城県,袋田の滝　冬の氷瀑,E92411253682379772
2839,qNPKh,茨城県,水戸　偕楽園の梅,E92177595285474737
2840,q3S4U,福島県,中釜戸　しだれ紅葉,E92412416846314937
2841,GTpT1,福島県,いわき　夏井川渓谷,E92412721478995174
2842,1h7qc,福島県,小名浜　サンマ水揚げ,E92412423736482838
2847,aAF3J,北海道,北海漁　ウトロ漁港の知床行き観光船,E92731763134978651
2852,qDCgc,北海道,北海道　夕刻のウトロ漁港（知床半島）,E92731763134978651
2853,NnzCe,岐阜県,追憶の川辺,E91385655786686627
2854,TFadv,北海道,The Winter has just arrived...,E92721431954934658
2855,1saOH,北海道,After the sunset...,E92719759334187932
2856,WQGMi,北海道,初冬の早朝…,E92721486148164286
2857,5N8g8,大阪府,桜と天守閣…,E91373398964992771
2858,9AnOU,兵庫県,姫路神社…,E91372658539353989
2859,EBdVN,大分県,国宝臼杵石仏 / ホキ石仏第二群,E91264356676848236
2860,vTIyG,大分県,国宝臼杵石仏 / ホキ石仏第二群,E91264356676848236
2861,2poLQ,大分県,国宝臼杵石仏 / 古園石仏（ふるぞのせきぶつ）,E91264356676848236
2862,TQOUl,大分県,国宝臼杵石仏 / 古園石仏（ふるぞのせきぶつ）,E91264356676848236
2863,6dsCI,長野県,高ボッチ高原,E91397274548182887
2864,FO56D,長野県,八方尾根自然研究路,E91631114212783359
2865,zuWDu,北海道,The Wind path on hills...,E92719891397692353
2866,wGs7c,北海道,旭橋…,E92721486147525196
2867,3TYiE,長野県,八方池,E91631114131262333
2869,CKK7d,神奈川県,湘南の朝活,E91396164759967882
2871,SdUsC,鳥取県,浦富海岸の名もなき岩,E91375469735957258
2872,7zAXS,神奈川県,黄昏る湘南の海辺,E91396164881431756
2873,QlYoz,神奈川県,夕陽に染まる相模湾,E91396165352919866
2874,vkdoI,石川県,遠い記憶（石川県羽咋市神子原の水田）,E91622379355635929
2875,FMDgF,神奈川県,多摩丘陵の夜景,E91396492715711627
2876,V8QPP,秋田県,早春の夕景(鳥海山とオリオン座・にかほ市),E91663629563153772
2879,6YvqL,長野県,輝く雲海(高ボッチ山・塩尻市),E91397274564897576
2880,ZJA2Q,千葉県,鴇色に染めて,E91396386876585756
2881,5AbuL,北海道,夕べの運河…,E92478844252839354
2887,VsnYr,宮城県,初秋のお釜(蔵王町),E92414898572547839
2889,Vte5B,北海道,May morning...,E92719765118947213
2890,NQypY,岐阜県,モネの池,E91385678121352474
2891,Y18Xw,岐阜県,モネの池,E91385678121352474
2892,NaxDX,京都府,大内峠一字観公園(秋の朝焼け),E91376546945731937
2894,BbHtU,宮城県,蔵王・お釜(蔵王町),E92414898572547839
2898,GQhZZ,千葉県,朝霧のある沼,E92174773173814692
2901,8CLwZ,千葉県,夕暮の雀島,E91393943287261966
2903,c7atB,東京都,光の通り道,E91396678791624619
2904,TS60D,兵庫県,秋におどる,E91373549346522594
2905,DyOsP,兵庫県,妖艶,E91373591392693852
2908,dBCFe,千葉県,千葉　いすみ市　柿の季節,E92174229444698829
2921,1yKXg,熊本県,登山道から見る秋の杵島岳,E91253991852323228
2922,A1VQA,京都府,竹野漁港,E91376818627663998
2924,no9St,京都府,犬ヶ岬,E91376819946849141
2927,AtNsz,岐阜県,飛騨高山の古い町並,E91389196749661532
2928,6UYLD,兵庫県,明石海峡大橋…,E91373193745574257
2931,Cg6Mz,長野県,柱状節理と紅葉(屋敷山・栄村),E91632181794329392
2932,bMyW9,新潟県,幻想的秋景(星峠・十日町市),E91632474812548718
2934,5K6IL,熊本県,夜の砂千里ヶ浜,E91253969749153238
2936,rV79H,長野県,Autumn leaves,E91631335891916939
2937,BCd6O,長野県,志賀高原横手山ドライブイン,E91632111117427158
2938,3kAx2,長野県,志賀高原横手山ドライブイン,E91632111117427158
2940,UnFBw,長野県,志賀高原横手山ドライブイン,E91632111117427158
2944,i5l50,長野県,地獄谷野猿公苑,E91631337635888381
2946,xFgP1,長野県,雲のカーテン(高ボッチ山・塩尻市),E91397274564897576
2948,T8lI2,奈良県,贅沢な朝,E91357794551545693
2949,JPPMf,京都府,犬ヶ岬の岩礁,E91376819946849141
2952,axBMh,熊本県,マゼノ渓谷甲の瀬キャンプ村の紅葉,E91256329679788894
2953,vIEI7,青森県,青森　十和田湖町　秋のブナ林,E92448285868898926
2960,6r0hG,岡山県,鬼女台(秋の紅葉),E91374247163271117
2961,EA0BU,兵庫県,虹架かる天滝,E91375348625141951
2963,T3qtj,長野県,色とりどりの秋(横手山のぞき・下高井郡山ノ内町),E91632111141556465
2964,5WiIP,長野県,水面に映る秋(木戸池・志賀高原),E91631336141775221
2965,i6nHs,滋賀県,メタセコイア並木,E91384536586225582
2966,m0OTG,北海道,The evening is going to the night...,E92471968677222158
2970,kh6nc,北海道,青い池…,E92721259765674971
2974,Zb7Nb,千葉県,千葉　いすみ市　晩秋の南天,E92174255541527771
2979,N67e0,京都府,由良川橋梁(夏の思い出),E91376539767566483
2980,VhMAU,奈良県,奈良公園,E91381278828711544
2981,45C8c,熊本県,朝日に照らされる米塚と雲海,E91253991358597422
2982,tizib,福島県,裏磐梯 紅葉(中津川渓谷・猪苗代町),E92414423812576326
2985,O12l4,新潟県,滝雲(枝折峠・魚沼市),E91632688735268652
2987,o8Ma7,東京都,夕映え空,E91396681471715794
2988,Hv3K3,京都府,浜詰海岸(秋の夕焼け),E91376489822436826
2989,1zCQ5,京都府,浜詰海岸(秋の夕日),E91376489822284115
2991,5kB4C,京都府,京都　嵯峨野　祇王寺のイロハモミジ,E91381752118858585
2994,6nH9m,奈良県,長谷寺…,E91381251387949142
2998,tnzmy,北海道,"A kind of ""frozen cocktail""?",E92721259766431859
2999,hvviq,兵庫県,秋の猿壺の滝,E91375523445259341
3000,InHO9,兵庫県,菖蒲池の紅葉,E91375528931762865
3001,HJTS1,兵庫県,秋の小又川渓谷,E91375525882518632
3002,pmEMY,長野県,美ヶ原高原,E91397524781878377
3004,D3FKo,京都府,秋の天橋立,E91376555515827933
3015,9LtOM,新潟県,秋光(星峠・十日町市),E91632474812548718
3016,LVAdX,宮崎県,観音御池の紅葉,E91229599278194994
3018,nSEjB,新潟県,魚沼の秋(魚沼スカイライン魚沼展望台・南魚沼市),E91632541582977294
3019,4mI8s,兵庫県,城崎マリンワールドからの眺望,E91376477241893815
3027,HWHra,兵庫県,スタンド・バイ・ミー,E91373647779449988
3028,20vhK,山梨県,秋晴れ,E91395437394154692
3029,Ngjpg,富山県,称名渓谷,E91389869818968678
3030,ZQjNo,富山県,称名渓谷,E91389869842192332
3031,XAeeY,富山県,称名渓谷,E91389869828418666
3032,Ijxg9,富山県,称名滝,E91389869912367665
3033,o9T2b,宮崎県,韓国岳の朝焼け,E91229596667183367
3037,hBtu3,兵庫県,女心と秋の空,E91376129349199342
3038,z1RS7,北海道,明ける街,E92474613619575773
3039,k714v,鳥取県,橋津海岸の海鳥居,E91374618934743946
3040,XRuGP,新潟県,雪山と名残の紅葉(銀山平・魚沼市),E91632688318158777
3044,ldZn5,新潟県,晩秋の妙高山を望む(いもり池・妙高市),E91631286284697518
3054,x3mXZ,兵庫県,日和山海岸の滝雲,E91376477183651988
3055,rc0jV,富山県,ミクリガ池,E91389949849271466
3056,HGiqH,富山県,ミクリガ池,E91389949849271466
3059,4ussE,兵庫県,陽に染まる雲海,E91373878837918851
3061,SOXFE,神奈川県,帰り道,E91396436622158322
3062,4n8WF,静岡県,夜明け前,E91395148852149372
3063,etN83,新潟県,朝日に輝く紅葉(長岡市山古志地区),E91632883137615384
3071,XnH2F,兵庫県,瀬戸の優しい朝,E91376477195287282
3072,VWb2P,北海道,北海道 中標津,E92731389985843339
3073,3sreO,岐阜県,竜神の滝,E91386596733836461
3075,dfkVo,北海道,北海道駒ヶ岳と大沼,E92474364874298427
3076,O1Cln,栃木県,華厳の滝,E91633139685385864
3077,Pj7t7,栃木県,竜頭の滝,E91633162177457468
3079,SQlXQ,栃木県,龍雲滝,E91633161639782344
3083,HOJQb,神奈川県,灯り,E91395399792538823
3084,pYNjw,福島県,紅葉列車(第一只見川橋梁・三島町),E91636237744213259
3085,DIyrD,山梨県,夕富士（笛吹市）,E91395465359593872
3087,Ft2CA,千葉県,千葉　夷隅郡岩和田海岸　初冬のサーフィン,E92174222253826126
3092,Hdhu4,富山県,雨晴海岸,E91623147419864289
3095,rjB6c,北海道,"Snow on iced ""Blue Pond""...",E92721259765449128
3096,Y41W7,北海道,It seems cold...,E92721267156231788
3098,n9IbV,神奈川県,初日の出,E91396166462521576
3099,RUrkT,兵庫県,冬の幻想世界,E91375619977171653
3101,DhWbK,山梨県,富士山,E91395465359593872
3105,PI5Sn,岐阜県,かぐや姫の散歩道,E91385633317746252
3106,fU3gR,香川県,津田の松原,E91348761293291464
3108,iMHjc,兵庫県,岩井の雲海,E91375663143973834
3109,o0gM4,京都府,神谷磐座,E91376473384666346
3110,xf8Be,滋賀県,秋を感じる一本,E91381825412732735
3111,9Cgbl,新潟県,晩秋の光景(苗名滝・妙高市),E91631281932822313
3112,laanc,新潟県,晩秋の星空(銀山平・魚沼市),E91632688318158777
3114,1vyKE,埼玉県,大里の風景,E91399185359258596
3119,UL3dP,栃木県,金蔵院の紅葉,E91399821574421537
3123,FbVEb,埼玉県,志木の団地,E91396849914912498
3125,M9Kzs,埼玉県,笛木醤油,E91399139429554252
3127,qxD69,埼玉県,十輪寺,E91398263389872524
3128,RNACs,埼玉県,麻原酒造,E91399113472624562
3141,TayPu,兵庫県,霧雨煙る大引きの鼻,E91375679632248544
3143,QcGLz,高知県,桂浜,E91344736643946778
3144,Oi4eZ,福井県,若狭高浜,E91376639626136937
3145,Yav9u,兵庫県,城崎温泉(冬の訪れ),E91375693998481937
3149,GI07T,北海道,北海道　網走の流氷,E92723976316616191
3155,IDCrd,岐阜県,西穂高岳,E91389651438433218
3157,C2PC6,新潟県,冬のはさ木（小千谷市）,E91632842871454926
3159,CoPqn,新潟県,冬の漁港(出雲崎町),E91635156911997588
3160,b4q71,兵庫県,静かな朝と,E91373823247887686
3163,wxXXs,東京都,東京　日野市　百草園の梅,E91396497127495684
3173,3egby,山梨県,本栖湖,E91395416449244817
3175,ckDCa,長野県,お盆の奈良井宿,E91397115547772923
3179,pK2WA,兵庫県,今子浦,E91375679383972252
3182,ElhMH,兵庫県,霧に包まれた竜宮城,E91376477241893815
3186,Fkm63,兵庫県,津居山港,E91376474892194544
3187,FdZLX,東京都,Blue in Winter...,E91396678768985128
3190,ewcOw,兵庫県,有子山稲荷神社(朱と白の世界),E91376416122314516
3191,goFsL,兵庫県,有子山稲荷神社(雪景色),E91376416122314516
3192,t9AFn,東京都,東京　千代田区九段　千鳥ヶ淵の満開の桜,E91396833651184537
3200,STJIK,兵庫県,城崎温泉(月と雪に彩られて),E91375693998481937
3204,9PsuJ,富山県,五箇山（相倉集落）,E91388923193145244
3206,zUyF9,山形県,冬の温泉地（銀山温泉・尾花沢市）,E92417672462414945
3207,ZYQmH,山形県,夕暮れの光景（銀山温泉・尾花沢市）,E92417672462414945
3209,FGJXK,福島県,冬の大内宿(南会津郡),E91633981391577441
3215,Qwh5Z,静岡県,薩埵峠,E91392744958246116
3217,K2eGF,兵庫県,冬の鎧駅,E91375677131632325
3218,sLx0j,新潟県,雪の夜(新潟市),E91635912976249422
3219,mZzqF,福島県,朝日を浴びる雪紋(桧原湖・北塩原村),E92414412898413754
3227,ZKlvT,青森県,澄み渡る白銀の津軽平野を駆ける,E92447621172548565
3229,8ugZN,青森県,冬に楽しむさくらライトアップ,E92447299445171313
3230,ryO5V,青森県,フォーメーション！,E92447536386864764
3232,HDXPX,岐阜県,南宮稲荷神社,E91385193432785752
3237,ViMnk,福島県,しぶき氷(猪苗代湖・猪苗代町),E92414155164436913
3240,evrFb,東京都,東京　文京区　根津神社のつつじ,E91396914465523616
3241,P0ak6,群馬県,草津温泉の湯畑,E91398776625999718
3242,SvTUr,岐阜県,冬の白川郷,E91388652137494466
3243,BRyYR,北海道,Christmas Tree...,E92721199116558271
3244,fCFyu,静岡県,田貫湖,E91395148854133623
3246,udFAb,福島県,磐梯山と彩雲(桧原湖・北塩原村),E92414412899515611
3248,dAAAX,福島県,裏磐梯  冬景色(秋元湖・北塩原村),E92414421339355881
3250,j0o3M,奈良県,奈良公園-秋景,E91381278843359398
3255,wSIkI,富山県,庄川峡,E91388965521924921
3256,SWtLh,新潟県,美人林,E91632481944585628
3257,cEUXv,新潟県,清津峡トンネル,E91632436914338842
3258,x9ByA,長野県,白糸の滝,E91398479677922756
3259,IsMnD,長野県,白糸の滝　遊歩道,E91398479677922756
3260,Wnsus,石川県,金沢市　ひがし茶屋街,E91388858589165118
3264,87l6L,山梨県,山梨　甲州市　勝沼ぶどう郷駅から見る桜並木,E91395499729781593
3268,itKsg,兵庫県,八反の滝と雪景色,E91375628161123468
3269,rbfGu,長野県,野辺山高原,E91397332458178116
3271,9j0D5,大分県,役目を終え、朽ち、尚も鎮座する機関庫,E91264418675214715
3275,uPBcs,福井県,龍双ヶ滝,E91385788892496262
3280,4frpz,福島県,秋山の駒桜(川俣町),E92414616758744382
3284,XJK2e,新潟県,春の風景(福島潟・新潟市),E91635933463246243
3286,GQ7X0,福島県,福島　福島市渡利　花見山公園の春色に染まる桃源郷,E92414641114411876
3287,jUeIg,福島県,福島　福島市渡利　花見山公園の桜と吾妻連峰,E92414641114411876
3291,5KZyy,富山県,雨晴海岸,E91623147425882175
3292,lQrOf,兵庫県,淡く染まる夕暮れ,E91373455215376925
3293,pzea4,北海道,The Red Brick Building...,E92478688154869224
3298,hbDwC,兵庫県,小沼の滝,E91375669137117675
3300,ycX32,新潟県,大河の流れ(信濃川・小千谷市),E91632846183567248
3301,xSFTw,奈良県,奈良公園-朝景,E91381278578626597
3313,Dw1AQ,新潟県,雪原の天の川(小千谷市),E91632842871454926
3314,3nR0s,岐阜県,岐阜城,E91385533136126533
3315,6UinK,群馬県,土合駅,E91632292211218822
3316,2Z3LZ,群馬県,赤城山　氷結した大沼の夕焼け,E91398964768756675
3318,fzeEG,宮崎県,鬼の洗濯板,E91237528724524152
3319,jkHE8,兵庫県,時の流れ・・・,E91373576231398779
3320,EIpte,山梨県,桜と富士(富士吉田市),E91395518465158241
3323,NH3m7,沖縄県,備瀬-フクギ並木の道,E67845569761324632
3327,KMVS5,兵庫県,早春の日影,E91375612253518835
3329,rVQA2,京都府,城南宮,E91381731663168544
3330,2bA0A,神奈川県,横浜の夜景,E91396523487125825
3331,4r8aS,茨城県,偕楽園　満開の梅林,E92177595285474737
3332,yUmCy,茨城県,偕楽園　満開の梅林,E92177595285474737
3334,JJZle,東京都,東京　江東区　亀戸天神社の藤の花,E91396913857588265
3335,knLn7,東京都,東京　江東区　亀戸天神社の藤の花,E91396913857588265
3338,y9Z8Y,埼玉県,春暁,E91399195639628446
3340,WRF3H,千葉県,千葉　外房　いすみ市の菜の花畑,E92174229444698829
3341,qCfUT,千葉県,千葉　いすみ市　菜の花畑の菜の花,E92174229444698829
3343,XkLDj,東京都,東京　立川市　昭和記念公園の菜の花と桜,E91396726144383838
3344,PZIvS,福井県,瓜割の滝,E91384515221221976
3345,XjWtC,北海道,早春の早朝…,E92719762789832562
3346,BFuSU,北海道,the sky on the sea...,E92719762789676868
3347,AhvpQ,富山県,雨晴海岸,E91623147425882175
3352,jSo5O,東京都,東京　品川区　池田山公園の紫陽花（あじさい）,E91396595358188157
3357,uIe2J,新潟県,沸き立つ雲海(長岡市山古志地区),E91632858571782777
3358,T8xjN,新潟県,早春の越後三山(越後川口),E91632846183715382
3359,2d2J5,福島県,磐梯町　史跡慧日寺跡,E91636369854266568
3360,dbG1l,福島県,会津若松市　鶴ヶ城の桜,E91636337876351715
3361,oPFGC,福島県,猪苗代町　達沢不動滝,E92414193819775477
3362,UbH5J,福島県,猪苗代町　観音寺川の桜,E92414156751337726
3363,ZgDdH,福島県,下郷町　大内宿の夕暮れ,E91633981391577441
3364,cGV4r,福島県,三島町　只見線第一橋梁ビューポイント,E91636237744213259
3365,iTcJB,福島県,会津若松市　鶴ヶ城の桜,E91636337876351715
3366,4sjyl,岡山県,星空と醍醐の祈り,E91371843243636174
3369,uMYiR,京都府,蒲井浜,E91376476858755879
3370,iLSnq,長野県,天空の山小屋,E91397471786562943
3373,E5bA5,京都府,小天橋の朝,E91376484762545435
3375,NzLc9,長野県,霧ヶ峰高原,E91397258925625384
3377,PFSnf,千葉県,富津岬からの景観,E91396345487577438
3381,aUKOc,新潟県,雪国の春(魚沼市),E91632838449345365
3387,GCt7q,兵庫県,桜月夜の城崎温泉,E91375693998481937
3388,ssa3V,徳島県,鳴門市　島田島　堀越橋より望む,E91348915376367277
3389,15X9a,京都府,青もみじ,E91381735637383119
3391,JuKMr,兵庫県,春夜の出石神社,E91376416744265549
3392,iwaN7,新潟県,雲海広がる春の朝(長岡市),E91632855175866365
3394,DP5Be,埼玉県,埼玉　日高市高麗　関東最大　高麗巾着田の彼岸花,E91396775536843314
3395,M9yXj,埼玉県,埼玉　日高市高麗　関東最大　高麗巾着田の彼岸花,E91396775536843314
3399,q7abQ,東京都,東京　品川区　池田山公園の彼岸花,E91396595397323817
3402,2VQKU,兵庫県,城崎温泉の花筏 ,E91375693998481937
3410,hLQk4,滋賀県,彦根城,E91384362291456813
3411,7zrM0,兵庫県,春の七坂八峠,E91375573548843147
3428,vNNUl,兵庫県,佐野の春,E91376417795179619
3429,f2Nnc,京都府,如意寺のミツバツツジ回廊,E91376473645133635
3430,eK5bf,京都府,宝珠山 如意寺,E91376473645133635
3436,RsA7j,宮城県,宮城　白石川堤一目千本桜,E92414965897492124
3438,7XxOy,福井県,弁天緑地,E91388165767697335
3442,HieV9,兵庫県,たんとうチューリップまつり,E91376434981363923
3443,LYuSk,岐阜県,臥龍桜,E91389168974554673
3444,zXiw9,岐阜県,國田家の芝桜,E91386778114119813
3445,S4lsb,沖縄県,東シナ海を眺める象,E67845295481889831
3446,U2czp,新潟県,福島潟の朝露,E91635933528755735
3447,aIpYt,兵庫県,春嵐の日和山海岸,E91376477246193638
3449,Lj4uI,兵庫県,夏の吉滝,E91375531352863391
3450,B0Ml6,青森県,さくらと津軽富士岩木山,E92447299743539786
3451,kf1Zr,青森県,弘前さくらまつり　桜絨毯,E92447299712967738
3452,UupZE,青森県,さくら満開弘前公園　西濠春陽橋,E92447298961217579
3453,R3oKu,青森県,弘前公園さくらライトアップ２０２１,E92447298961139455
3454,q5PdY,青森県,弘前さくらまつり　西濠ライトアップ,E92447298679769657
3455,RNoux,青森県,青森空港の夕暮れアプローチRW24,E92447665672886497
3457,5C4PL,岐阜県,竹鼻別院,E91385259315953573
3460,mqOA0,宮城県,桜と松島湾,E92418276875511377
3462,Rosyx,神奈川県,晴れるよ,E91395623852916236
3463,g7C2U,和歌山県,橋杭岩,E91354736345987362
3466,Mn20c,静岡県,大淵笹場,E91395134289138499
3475,Q3fdQ,福井県,水鏡,E91388134678528288
3476,E1JZT,京都府,嵐山モンキーパークいわたやま,E91381728579788115
3477,nUMYX,埼玉県,元荒川桜景,E91399229332412131
3487,TjiCS,広島県,尾道水道の夜,E91269984669886516
3489,S1dDe,兵庫県,戸神社,E91375626488635363
3490,3DNJg,徳島県,かずら橋,E91348174645969195
3494,o6BfB,滋賀県,百済寺,E91381993948596685
3497,f3riT,北海道,ダチョウと羊蹄山,E92477393947457984
3500,32K2R,沖縄県,慶良間ブルー,E67841968454573135
3501,HwPx5,静岡県,門脇つり橋,E91392685294253532
3503,mvIk7,広島県,桜咲く国宝浄土寺,E91269985852986553
3507,VZs7o,千葉県,夏の大山千枚田,E91393993778387446
3511,L1UdK,京都府,建仁寺の青紅葉,E91381737584846561
3513,HyagW,静岡県,奥大井湖上駅,E91391889641923738
3517,CE1WR,北海道,お花見,E92478676914191278
3519,8PgL3,新潟県,水鏡の越後平野(護摩堂山からの光景・田上町),E91635627185683171
3521,QSR5z,兵庫県,別宮の大カツラ,E91375296294384966
3522,w766z,京都府,美山かやぶきの里,E91384146579923592
3524,4l0Y5,大阪府,夕日に染まる棚田,E91381113468635127
3526,BJKU3,滋賀県,伊吹山,E91385188444221919
3527,g9SOF,広島県,散りゆく。,E91269985873319167
3529,30Y9l,新潟県,ピンクムーンの夜に(新潟市夜景・朱鷺メッセ展望台),E91635912976249422
3530,Hx76R,京都府,夏、高山寺,E91381755552114625
3532,fRoXN,群馬県,伊香保温泉 石段街,E91398829852878425
3534,G3T2I,岐阜県,友釣り,E91385672324644337
3535,jbmBv,山口県,桜、満開,E91268576991548493
3536,pcY1H,高知県,白銀の仁淀川,E91344744358855471
3537,0AbkG,広島県,しまなみサイクリストの夕暮れ,E91269957971695881
3539,ZGTub,新潟県,越後平野と彌彦神社大鳥居(弥彦山山頂・弥彦村),E91635515865548946
3542,TL0Ww,兵庫県,穴見海岸,E91375573928718988
3545,X7UVO,静岡県,寸又峡（猿並橋）,E91391887864771586
3546,lrxED,静岡県,伊豆の国パノラマパーク空中公園,E91392829833135256
3549,2bh1L,徳島県,吉野川,E91347539482828463
3550,08Mkm,静岡県,UFO?,E91395176187936786
3551,AzeN1,香川県,第82番札所 青峰山 千手院 根香寺,E91347958623815718
3555,zjchf,兵庫県,桂の滝,E91375525585731987
3556,UrnVG,広島県,瀬戸内海国立公園鳴滝山展望台からの眺め,E91269976485822292
3557,RonAr,東京都,まわるまわる,E91396674541391134
3558,PGkun,京都府,四季の色,E91376255348653266
3559,IcP6C,石川県,苔の里,E91388467426636559
3560,BMJbf,兵庫県,海上の布滝,E91375528237322597
3562,UrtoQ,新潟県,梅雨空の夕焼け(角田岬灯台・新潟市),E91635549117174918
3565,PSdLa,東京都,額縁,E91396671982838457
3570,SkRsi,兵庫県,久津山天ヶ滝,E91375641744763523
3574,XM21F,沖縄県,ニライカナイ橋,E67842856389421482
3575,PRxgs,徳島県,徳島植物園,E91348539774514628
3577,fayHS,新潟県,新緑の越後駒ケ岳(銀山平・魚沼市),E91632688365553422
3579,lS8tg,長野県,信州の森,E91397285841716794
3580,r3pHz,北海道,利尻山を望む…,E92718536619579615
3581,VlYqE,北海道,利尻山を見上げる…,E92718559948236695
3584,ZqO8M,新潟県,はねうまと桜(松ケ峯・妙高市),E91631534918651991
3585,rZ0zH,広島県,不動岩から夕刻の箱庭都市尾道を望む,E91269985892161735
3586,m88xf,兵庫県,久須部渓谷,E91375532458453574
3587,YdHSD,兵庫県,鎧の袖の夏物語,E91375677336446192
3588,vAUrF,兵庫県,万劫桂の滝,E91375619578718586
3589,Jewmj,岐阜県,夏,E91385634991891425
3590,d0yuw,沖縄県,竹富島西桟橋,E67726523148842541
3591,d2oH0,沖縄県,竹富島カイジ浜,E67726523148842541
3594,urjqu,東京都,空と青,E91396916214966751
3595,vb35L,徳島県,春の大潮,E91348916617331824
3597,aqUNz,徳島県,うずしおと大鳴門橋,E91348916617331824
3598,RmWIs,香川県,春風の抜ける参道,E91347599559133235
3599,KIBwW,徳島県,祖谷のかずら橋,E91347368663419771
3601,kPeQz,熊本県,水田に映る夕日,E91253891988842258
3602,weauN,兵庫県,地蔵鼻,E91375675869891977
3607,eFUMs,北海道,A bit foggy in early morning...,E92719765128137576
3608,bfMvp,沖縄県,石垣島　玉取崎展望台,E67726563153135487
3609,JscLi,兵庫県,夏の鎧駅,E91375677131632325
3610,pvySB,富山県,立山（雷鳥沢）,E91389973238684894
3611,2QMkH,沖縄県,神の道を撮る,E67726563153135487
3612,Fmkgu,神奈川県,さぁ、夏だ！！,E91396436936233616
3613,fCdR1,新潟県,笹川流れの夕焼け(村上市),E91639198195451376
3615,jjfWr,新潟県,マジックアワー (笹川流れ・村上市),E91639198195451376
3617,8687j,東京都,灯台と星空,E91393197941284629
3618,14x1T,滋賀県,西教寺（風鈴参道）,E91381849169693537
3619,5I76Q,兵庫県,穴見浜,E91375573927982267
3620,0Emdj,岩手県,夏の星景跡,E92445464522447218
3621,SF9Xf,岩手県,自然と滝,E92445573866994365
3622,lpDdc,群馬県,繋がる場所,E91399455517587915
3623,MX3Sw,兵庫県,万劫の大カツラ,E91375619578718586
3624,igQF6,北海道,Blue in Summer...,E92718556489187642
3625,3h5rc,新潟県,灯台と真夏の銀河（新潟県佐渡市）,E91634591237945594
3627,lIqE0,新潟県,夕焼けに映える灯台(新潟県佐渡市),E91634591237945594
3632,wl4AM,東京都,気がつかなかった風景,E91396832416439564
3634,LBkjG,兵庫県,あいがなかの朝焼け,E91375675869981395
3636,fsVWr,香川県,止まれじゃなくてゆずれ？！,E91347863544642735
3637,MMy6N,神奈川県,夜更かし,E91396528754644698
3638,0ReSy,兵庫県,味取の森の砂防堰堤,E91375563969344913
3641,h7K6p,北海道,花びらの美しさ,E92724436384455156
3642,yX5lr,北海道,夏の朱鞠内,E92716633254988996
3650,PSKhK,東京都,八丈に降る星,E91366343487825694
3651,d4Owe,長野県,乗鞍岳,E91389374363456514
3652,9hlzu,沖縄県,絶景なり、川平湾,E67726568142856685
3653,R5IKv,岐阜県,北アルプス,E91389374389928862
3654,oDkiM,北海道,"It is colorful, indeed...",E92721196356441732
3655,hvF5E,新潟県,星空と滝雲と....(枝折峠・魚沼市),E91632688767238535
3656,QT4N0,兵庫県,要滝,E91375532457283196
3658,zjhsb,東京都,浅草寺仲店通り,E91396915297359312
3662,t0NZ1,東京都,おばあちゃん気を付けてね,E91396722749244485
3663,nZKAp,群馬県,キカガクモヨウ,E91399455369169621
3664,5RoOL,岐阜県,槍・穂高,E91389619121985937
3669,EwR7T,茨城県,大子産米　夏の圃場,E92411255494877671
3670,b57eV,茨城県,大子産米　春の圃場,E92411242871929338
3671,KdzjO,茨城県,大子産米　秋の圃場,E92411255497544164
3673,NkOMw,茨城県,大子産米　春の圃場,E92411242871926692
3674,gPWyl,茨城県,大子産米　田植え,E92411249215716561
3675,yJn7v,宮崎県,椎葉村　大久保の大ヒノキ,E91261424519483825
3676,zjS5y,兵庫県,大引きの鼻の夕景,E91375679632159368
3677,jIH69,兵庫県,煌めく大阪湾,E91373526492169466
3678,VV9fj,岐阜県,釜ヶ滝,E91385685693626123
3680,4nJqy,東京都,巨大バームクーヘン現る,E91393422426856943
3681,3Bcce,東京都,夕暮れに輝く玉石,E91366343724967838
3683,GBzud,奈良県,朝日を浴びる秋の鹿,E91381278843114585
3684,vBV9L,群馬県,東雲の渋峠,E91398777897945821
3688,BbqEk,東京都,八丈一周道路を望む,E91366347137636451
3690,G7UGx,滋賀県,浮御堂,E91381882193651165
3691,qWQTO,兵庫県,竜宮城へ続く光の道,E91376477183678135
3692,3abcY,茨城県,大子産米　秋の圃場　おだがけの風景,E92411255497544764
3693,Y36J5,茨城県,大子産米　秋の圃場　おだがけの風景,E92411255497183633
3701,pJ6YB,茨城県,大子産米　早苗月の圃場,E92411255494951142
3703,ZajmU,岐阜県,津屋川堤防の彼岸花,E91385218443122158
3705,li5GC,島根県,浜田市　ニノ瀧,E91292493389263572
3706,D2Njm,埼玉県,幸手 権現堂の彼岸花,E91399269751419869
3707,yj2mR,茨城県,大子町　旧上岡小学校,E92411246334937269
3708,iioA5,茨城県,大子町　袋田の滝（氷瀑）ライトアップ,E92411253673746452
3709,XYZca,茨城県,大子町　霧の中のわらぼっち,E92411251932861982
3713,kucUI,茨城県,大子町　最北限の茶畑,E92411273697329283
3715,UU3Zb,茨城県,大子町　久慈川の鮎釣り,E92411252472723455
3718,V26dk,茨城県,大子町　秋の風景　紅葉寺,E92411251867736824
3719,6IpHy,茨城県,大子町　春の風景　廃校の桜（上岡小学校）,E92411246334959572
3720,gY9RX,茨城県,大子町　春の風景　　桜と水郡線,E92411251922989439
3721,WMWfi,茨城県,大子町　冬の風景　月待ちの滝,E92411258292662451
3722,3wv8q,茨城県,大子町　夏の風景　生瀬の滝,E92411253659436636
3727,jR8iU,島根県,浜田市　幻の「広浜鉄道今福線」の遺構,E91292579318243954
3728,7bv58,宮崎県,延岡市　石上地区の棚田,E91261591712646375
3730,AbYoD,福井県,大野市,E91388213187416157
3731,LQYQT,新潟県,はざ木のある風景(満願寺のはざ木並木・新潟市),E91635683114726139
3732,c6qfO,静岡県,秘境を走る,E91391889614334313
3734,y9nX0,神奈川県,象徴,E91395233947797968
3735,NTMoc,広島県,しまなみの夕陽の前で,E91269982248959779
3736,bBj5w,兵庫県,森の中の天狗岩,E91373558788756171
3737,eGSOV,兵庫県,振り返る場所,E91373576231398779
3738,cKhju,北海道,白ひげの滝,E92721126817484486
3739,bt0MR,京都府,久美浜湾の朝,E91376476643487377
3740,IZsYg,埼玉県,幸手 権現堂の彼岸花,E91399269751419869
3741,QXy8V,兵庫県,口の滝,E91375627126925674
3742,P9r0x,静岡県,富士山とレーザービーム,E91392744958246116
3744,yt3ef,宮崎県,お倉ヶ浜海水浴場,E91261347933883979
3747,i3A7N,京都府,秋の由良川花庭園 ,E91376265464118853
3748,g4jvy,富山県,立山（タンボ平）,E91389957628851875
3749,klEUn,長野県,2つの太陽,E91397354492341272
3750,1ayMc,新潟県,夕暮れ(はまなすの丘・胎内市桃崎浜),E91636789487928197
3753,OOx5n,沖縄県,渇いた佐和田の浜,E67737332967484857
3754,UGPAQ,富山県,秋,E91389878298548737
3755,Z3rV1,島根県,浜田マリン大橋,E91292495644412572
3758,qJPER,静岡県,伊豆稲取高原　海とススキ,E91392641741987921
3759,7S8oj,静岡県,稲取細野高原から風車を望む,E91392641744319667
3760,cH0Pa,静岡県,伊豆稲取細野高原のススキ野原と伊豆諸島,E91392641741895942
3761,qi0Au,静岡県,伊豆の茶畑,E91392856463721431
3762,LHZHR,静岡県,桃野湿原,E91392566629576256
3764,ATzmd,群馬県,芳ケ平湿原の紅葉,E91398778474352364
3765,z3ryh,熊本県,かぶと岩展望所からの朝日,E91256323828756762
3766,aIYYK,熊本県,かぶと岩展望所からの朝日 その２,E91256323828764573
3768,d2Hm2,福井県,コスモス広苑,E91387385551842216
3770,ynSP9,北海道,黄葉の小樽,E92478841761246489
3771,oHI63,北海道,祝津にて,E92478841761246489
3773,wK0uc,北海道,秋の海,E92478841761246489
3774,eSv6H,北海道,壁がキャンバス,E92478841761246489
3776,Lu0G8,京都府,瑠璃光院,E91381844491158417
3777,t93Tg,山梨県,山中湖,E91395521184536937
3779,pLKaR,神奈川県,やさしい朝,E91396528754618793
3781,St0pP,新潟県,苗名滝の月虹(妙高市),E91631281932822313
3782,Zohe6,広島県,尾道の街に明かりが灯るころ,E91269985892161893
3785,JTxHP,島根県,日出づる男女岩,E91296665459944862
3787,cznRX,東京都,凪の時間,E91396674944662684
3788,qOb5H,千葉県,ひかりの筋,E91396625246776134
3790,3Yh86,広島県,広島の高速道路と街並み,E91268983162465118
3791,s4zTS,奈良県,曽爾高原,E91381328712271192
3792,xTRZJ,兵庫県,来日岳(八畳岩からの眺望),E91375692692133246
3793,Cax5n,鳥取県,秋空の向島恵比須神社,E91375547745111328
3794,AdqSK,滋賀県,静かな夕暮れ,E91381979212466395
3795,DZ4g4,新潟県,晩秋の風景（銀山平・魚沼市）,E91632688318158777
3796,HysuK,宮崎県,椎葉村　白水の滝,E91253632791881414
3802,jNrbe,福岡県,竈門神社,E91256737596776912
3803,niIRu,奈良県,藤原宮跡,E91381217152212824
3804,t4MH4,新潟県,Yellow World(美人林・十日町市),E91632481863899151
3805,g48wc,茨城県,紅葉に映えるお地蔵さん,E92411251932861982
3806,OBAtn,新潟県,彩の森,E91639283595429669
3807,am0WT,長野県,NORTHERN ALPS,E91389697373223695
3808,9piVJ,兵庫県,晩秋の諸杉神社,E91376416126214725
3809,xNdfa,兵庫県,晩秋の有子山稲荷神社,E91376416122314516
3811,M4IFU,東京都,秋の新宿御苑,E91396832273236851
3813,LqFmk,長野県,夜明けの風景(高ボッチ高原・塩尻市),E91397274564897576
3814,Gm6Wv,埼玉県,元荒川の夕景,E91399229331393566
3815,ivjV9,岐阜県,飛騨国分寺（大銀杏）,E91389195994218826
3816,l241A,京都府,晩秋の無明の滝,E91376453577187748
3817,eiCEw,兵庫県,空は続くよどこまでも,E91372674721514958
3818,Bw2iP,兵庫県,冬の厳島神社楽々浦宮,E91376471739257725
3819,7MxFB,長野県,上高地（大正池）,E91389627126968434
3820,fFVVr,長野県,飯山線冬景色(下高井郡野沢温泉村),E91631626362587983
3822,byOBJ,新潟県,暗闇の彼方から,E91639163947156367
3824,41Sm8,京都府,天橋立一字観(爆焼けの朝),E91376546945731937
3825,wn5cw,京都府,天橋立一字観(師走の日の出),E91376546945731937
3826,I6wQs,長野県,美ヶ原高原,E91397519361938883
3828,rHcHX,兵庫県,秋の落とし物,E91349777984942752
3830,QSm5o,福島県,厳冬の磐梯山・主峰(剣ケ峰),E92414176236443685
3838,ks3D1,京都府,京都　嵯峨野の落柿舎,E91381728789884521
3840,g13CK,東京都,東京都港区白金台　自然教育園のすすき,E91396595657428171
3841,wiL5r,京都府,冬と華と…,E91381739214923472
3842,ICHtL,兵庫県,雪の十戸滝,E91375626468934138
3843,Y1wue,兵庫県,雪夜の出石神社,E91376416741861641
3847,Z5j3Z,山梨県,夜明け前,E91394989874594141
3849,NghAs,福井県,禅,E91388131866649153
3850,h7FO2,福井県,フリツモル,E91388131971528713
3851,9g1hR,新潟県,朝陽と朝霧（小千谷市),E91632842989347262
3853,fv2Q0,東京都,東京都新宿区　新宿御苑の水仙,E91396832273236851
3857,rk030,京都府,朝焼け彩る夜久野高原,E91376157934147993
3858,fdpXL,岐阜県,下原ダム湖,E91386726133763156
3864,Sm630,富山県,内川,E91623145349486154
3867,VVfek,新潟県,青空の下で輝く越後駒ケ岳と中ノ岳（魚沼地方）,E91632677259199755
3868,FobKQ,福島県,福島県　福島市渡利　花見山公園の桜,E92414641116448568
3869,DoYtq,福島県,　福島市渡利　花見山公園の土筆,E92414641116448568
3871,a4fCC,東京都,新宿御苑　チューリップ　,E91396832273236851
3875,aufQt,京都府,京都市　左京区 鞍馬　貴船神社参道,E91381792831448162
3876,rFBKL,福島県,磐梯山としぶき氷(猪苗代湖),E92414155164436913
3877,YVTxF,沖縄県,久米島・ハテの浜,E67844135827949346
3878,Ieq24,沖縄県,残波岬,E67845249185551596
3880,gIWTB,東京都,東京　明治神宮御苑の花菖蒲,E91396598744219226
3881,YJChR,東京都,東京　立川昭和記念公園のコスモス,E91396726144383838
3882,aeWYu,広島県,ヒカリの矢,E91269984668193886
3883,DTfl6,富山県,雨晴海岸,E91623147443219276
3884,GQNCu,沖縄県,久米島・ハテの浜サンセット,E67844135938499579
3885,IjzQw,沖縄県,久米島・2022年初日の出,E67844129414112297
3886,flkhH,沖縄県,久米島・ピンクが印象的な日本一早い桜・カンヒザクラ,E67844127283125827
3887,fRze0,沖縄県,久米島・てぃーだ橋沖　早朝のカタブイ風景,E67844128398844946
3892,erb7g,沖縄県,久米島・タチジャミ公園へ下る道,E67844151246984794
3894,UI5ci,沖縄県,久米島・奥武島の畳石,E67844126616237675
3895,sjMlG,沖縄県,久米島・ミーフガー,E67844151183989312
3896,66FTw,沖縄県,久米島・てぃーだ橋,E67844128398818183
3900,nYM68,沖縄県,久米島・登武那覇城跡園地の一番高い場所,E67844125957666696
3901,GDbja,沖縄県,久米島シーサイドパークゴルフ場夕焼け,E67844124289852885
3902,PRjUx,沖縄県,久米島・海の中にあるシールガチ橋,E67844126945587464
3904,xq3Wj,沖縄県,久米島・仲地集落より南を望む夏の雲,E67844119653345462
3906,BF2LD,京都府,犬ヶ岬の幽玄美,E91376819946849141
3913,R6MIu,青森県,光降る青池,E91669393884117379
3914,T1Q9b,京都府,嵯峨野 竹林の道,E91381728767542819
3915,Ftw6V,京都府,黎明の天橋立一字観,E91376546945731937
3921,dcDmy,沖縄県,宮古島_与那覇前浜ビーチ,E67735773331592253
3923,P5B2z,新潟県,オリオン座と夫婦桜(うわせき潟公園・新潟市),E91635554898656985
3924,NDTUc,高知県,春のカルスト台地,E91266823481362627
3925,VBZYg,高知県,雲の上の風力発電,E91266822539132787
3926,y7aMC,愛媛県,島々を結ぶ橋,E91269592146479722
3927,b9wku,岐阜県,春、芽吹く里山,E91388652137494466
3931,6LcQx,富山県,剱岳・初冬,E91389949852594663
3932,uTyR0,東京都,雨の渋谷,E91396598426282164
3933,lGqzg,青森県,日本海に沈む夕日,E92447448664573846
3934,Hs19g,東京都,小岩菖蒲園雪景色,E91396929161965443
3935,ZSp65,東京都,東京　立川昭和記念公園のひまわり,E91396726144383838
3938,Dgezd,山梨県,本栖湖,E91395415693974169
3941,MFfKi,東京都,東京　梅の開花（日野市　京王百草園）,E91396497127495684
3943,MCRay,千葉県,千葉県いすみ市　たんぽぽの綿毛,E92174229444698829
3944,u3IJU,京都府,八坂の塔,E91381739155995491
3945,fQiTT,新潟県,妙高山とはねうま(妙高市),E91631287183395346
3950,YIgMk,新潟県,はさ木,E91632842871454926
3952,4scH1,茨城県,茨城県　筑波山麓の梅園,E92177425991915772
3956,OupN1,福井県,池河内の名もなき滝,E91384278749484841
3957,7A8Ja,岡山県,岡山農業公園ドイツの森（現：おかやまフォレストパークドイツの森）,E91371691616881119
3958,xPW3M,岡山県,夏祭りあかいわ2019,E91372442189579125
3959,SjtGM,岡山県,熊山英国庭園,E91372444414646953
3960,RMvPp,岡山県,高倉山,E91371629165744656
3961,hAm0G,東京都,東京　千代田区九段　千鳥ヶ淵の桜,E91396833625889156
3963,Vno2B,東京都,東京夜景,E91396916143671334
3966,KBNA5,北海道,旭橋…,E92721486148258548
3967,MIgxH,北海道,雪交りな早朝に…,E92721486145733658
3968,9apJL,北海道,A snowful river side with an old big bridge...,E92721486147342653
3969,aPAUK,福井県,霧もや,E91388134996789861
3971,ws2eD,兵庫県,激流の八反の滝,E91375628161123468
3972,HF5ly,福井県,漁火と焚火,E91384986991729944
3977,NETgm,京都府,春爛漫の如意寺,E91376473645133953
3979,FSusC,広島県,佳夕のしまなみ,E91269973661512634
3980,zOMhG,神奈川県,紫陽花,E91395329424935454
3981,oKIQk,神奈川県,紫陽花,E91395358445843721
3982,wYizZ,神奈川県,紫陽花,E91395358445843721
3985,dQreG,神奈川県,紫陽花,E91395358445843721
3986,lZGMd,東京都,東京都　港区芝公園　東京タワー,E91396599375991747
3987,lWbhf,新潟県,雪山と春の天の川,E91632848476426664
3988,90ntw,新潟県,雪原の夜明け,E91632848476426664
3994,KEyhG,三重県,登り窯,E91381649398829556
3999,KHSxm,京都府,光明寺,E91381722212244933
4000,n0qmC,奈良県,長谷寺,E91381251387977727
4001,q8yrH,京都府,豊国廟,E91381736845144365
4005,dOHuK,愛知県,聚楽園大仏,E91382952759329655
4006,NhkXE,滋賀県,青もみじ,E91381993948596685
4007,bS8oK,三重県,丸山千枚田,E91357283296698877
4008,A9OhS,奈良県,花手水,E91381211998875818
4010,LHP1s,奈良県,壺阪寺,E91357877432277171
4013,jB7m6,兵庫県,清滝の桜,E91375628314115923
4015,COfpF,新潟県,春爛漫,E91635933297638644
4016,gjOeb,神奈川県,ポピーと鯉のぼり,E91396235156491289
4019,n2RhS,神奈川県,ポピーと鯉のぼり,E91396235156491289
4021,Xgrgu,東京都,バス停桜,E91395916381365494
4022,Zx2XS,東京都,桃源郷,E91395934718267428
4023,QjjrY,東京都,桃源郷,E91395934718267428
4026,QonDv,東京都,桃源郷,E91395934718267428
4031,bhM9s,岡山県,菜の花畑、道の駅笠岡ベイファーム,E91371134115955261
4032,fhUT8,広島県,チューリップウェーブ,E91293295815538785
4034,7hm9P,福井県,港の夕暮れ,E91384677534887172
4036,HlC1n,三重県,伊賀鉄道,E91381627188311539
4037,Dqb8S,滋賀県,八幡堀,E91381975521392465
4040,YTbQD,滋賀県,琵琶湖大橋,E91381882922174925
4041,6Z1Ro,山梨県,新倉山浅間神社,E91395518469268383
4042,bgbVd,静岡県,白糸の滝,E91395146588683636
4043,XZiKD,和歌山県,橋杭岩,E91354736343818875
4045,Gn0tf,三重県,熊野灘,E91357373843996848
4049,Ya15l,兵庫県,春の出石神社,E91376416741861641
4050,4G7Nn,滋賀県,長浜城歴史博物館,E91384395312618451
4051,tN60K,三重県,白藤の滝,E91381662829697714
4052,hK5U0,岐阜県,大垣船町川湊,E91385273259739111
4053,fhp6r,滋賀県,白髭神社,E91384262292885249
4055,i6dAp,新潟県,桜...幻想的風景(弥彦公園・弥彦村),E91635516577562328
4060,8cz4O,三重県,積田神社,E91381373423446621
4061,Z28Gp,滋賀県,大池寺,E91381925587868334
4063,ZXqBM,三重県,獅子巌,E91357372832483258
4065,OZcuS,岡山県,水島コンビナート,E91371229486173781
4067,zKW19,滋賀県,琵琶湖疏水,E91381819711479154
4068,Wp7lX,滋賀県,三井寺,E91381818925895174
4070,o8VUA,三重県,初春の伊賀市,E91381619962789913
4071,we3S0,香川県,大串自然公園,E91348782361128491
4073,4nepU,京都府,丹後松島の春の朝,E91376819685346733
4074,4CP2x,岐阜県,水戸野のシダレザクラ,E91386492145358312
4081,qggFn,香川県,朝霧の後の津島神社,E91347825569945191
4082,6WSqy,兵庫県,泰雲寺のしだれ桜,E91375556827122498
4083,J4CIP,三重県,浮かび上がる,E91382147552339525
4084,zzuuZ,千葉県,千葉県いすみ市のコスモス,E92174229444698829
4088,Ul4sp,広島県,桜咲く国宝浄土寺多宝塔,E91269985856125469
4089,RFv5F,広島県,路地裏の光り,E91269984694193169
4090,r1CEf,京都府,美山かやぶきの里（春の夜明け）,E91384146579923592
4091,Y4d5x,栃木県,鯉幟,E92411452849448323
4101,17RgE,群馬県,伊香保の朝,E91398829855431531
4102,D0GVp,京都府,美山かやぶきの里（春の早朝）,E91384146579923592
4103,6zHyn,新潟県,棚田に映る朝焼け（星峠・十日町市）,E91632474812388826
4109,Y2fYk,兵庫県,釜淵,E91375625888515426
4110,ElzZD,広島県,尾道水道、月の出,E91269985717927166
4111,RDEru,広島県,ネモフィラの丘,E91293276393463721
4112,1eaFc,岐阜県,春の飛騨高山,E91389196746753295
4118,9G2nX,新潟県,夜明け前のレッドライン,E91623637772515839
4119,OaNO8,福島県,水鏡 鉄道 第一只見川橋梁(大沼郡三島町),E91636237472762188
4121,oGqpc,沖縄県,久米島・海の中にあるシールガチ橋,E67844126945581697
4122,YeTUj,兵庫県,鎧の鯉のぼり,E91375677133691673
4124,36Njk,沖縄県,久米島・島尻道路の天の川,E67844123472241577
4125,MYaWF,沖縄県,久米島・比屋定バンタの朝焼け,E67844128854273471
4126,78keg,沖縄県,久米島・素敵なバス停,E67844126579256784
4127,4yzd7,沖縄県,久米島・青い空に映えるバス停,E67844128579353981
4128,bEKSq,沖縄県,久米島・素敵な船旅を！,E67844124485774974
4129,JZPfP,沖縄県,久米島・魚の集まる潮だまり,E67844152222866996
4130,0zxD3,沖縄県,久米島・奥武島を見下ろすことのできる高台,E67844126829897362
4131,5WFpO,沖縄県,久米島・青い空に映える赤土の風景,E67844119261413547
4132,5fmWQ,沖縄県,久米島・登那覇園地からの眺望,E67844125991518974
4133,iR35R,沖縄県,久米島・生命の息吹,E67844119579273352
4134,AY458,鳥取県,羽衣石の鮎返りの滝,E91374613197294359
4135,zCbM2,沖縄県,久米島・上江洲家住宅前の石垣,E67844127141172812
4136,yCuaW,京都府,北野天満宮,E91381761526618584
4138,4DDYR,広島県,Onomichi U2,E91269984643366291
4140,pqLMb,岡山県,ポピー畑に陽を灯しましょう,E91371134115622196
4142,BH5E8,富山県,砺波平野の散居村,E91388993127574294
4152,XZbi2,新潟県,雲海と光芒が織りなす夏の星峠(十日町市),E91632474812388826
4153,JWbbm,兵庫県,うへ山の棚田に映る空,E91375532522239529
4155,1Kh1v,北海道,北海道　知床の高架木道,E92734326765138962
4158,bRfdJ,兵庫県,有子山稲荷神社の青もみじ,E91376416122314516
4159,jvX7d,熊本県,棚田であかり,E91229794457124421
4160,QQav0,長野県,大町市,E91397743311874456
4162,av9i0,新潟県,月明かりに照らされる越後平野,E91635515865548946
4163,h130I,新潟県,新潟西海岸第一突堤,E91635915541686468
4164,rsPXM,京都府,新井崎神社,E91376833693413236
4167,Fedv5,京都府,新井崎の舟屋,E91376833667765336
4168,nk5dr,大阪府,澄み渡る,E91373916135133588
4172,lCzSD,長野県,雲海,E91397528153544413
4174,5Rjrb,岐阜県,山からの天の川,E91389651425254482
4175,iWmAn,岐阜県,山からの天の川,E91389651425243686
4176,SpruE,岐阜県,山からの天の川,E91389651425258711
4178,7cAbK,京都府,世屋姫神社,E91376585642245761
4179,jgzp8,広島県,瀬戸田サンセットビーチ,E91269863226656649
4180,gIDif,広島県,千光寺公園展望台PEAK,E91269985717951132
4181,RDiir,長野県,大出公園,E91631124229381224
4183,nIlnu,兵庫県,和池の大カツラ,E91375377485138284
4185,Sey3z,新潟県,極上の朝焼け(小木港・佐渡ケ島),E91634647872525497
4187,Z5bvJ,静岡県,富士宮市｜白糸ノ滝（白糸の滝）,E91395146588691856
4188,dcyrQ,東京都,ここも東京？,E91366343733281915
4189,y3j1m,沖縄県,大度浜海岸,E67842815661772486
4191,FN84P,沖縄県,沖縄県平和祈念公園,E67842816549941694
4192,FI1n5,沖縄県,道の駅いとまん,E67842841192769117
4193,2W9MO,沖縄県,海ぶどう,E67842841192769117
4200,w5W8n,千葉県,ひまわり畑,E92174738271285589
4201,UjFEf,東京都,悠久の裏見ヶ滝,E91366343736443244
4202,AWfWE,岐阜県,白川郷,E91388628771996439
4205,KBhUE,東京都,そびえ立つ石垣と玉石,E91366343725744319
4210,rIlfz,京都府,天ヶ峰の里  夫婦滝,E91376275669567773
4214,6T9C5,新潟県,カンゾウの花が咲くころ(大野亀・佐渡ヶ島),E91637391397338693
4218,PxZ9v,兵庫県,藤和の大将軍杉,E91375366735876651
4219,TvjhW,和歌山県,桑ノ木の滝,E91357222692291955
4220,oRqQT,和歌山県,くしもと大橋,E91354811463373848
4221,Vta49,秋田県,冬師湿原の鏡面,E92441441157584513
4222,ZDiTP,兵庫県,青の景色,E91373195277398622
4225,NFknT,和歌山県,円月島,E91346975859972237
4226,lksvn,京都府,岩船寺,E91381524115415932
4233,IsK7I,富山県,立山黒部アルペンルート,E91389948899163486
4238,lGDyO,兵庫県,淡路夢舞台 百段苑,E91373165171472427
4239,flXgM,滋賀県,メタセコイア並木,E91384536553189221
4240,qr0LG,兵庫県,淡路島公園,E91373165726155292
4241,tUGVG,長野県,燃ゆる秋の朝,E91389655651425355
4242,7LYsP,長野県,初冠雪の八方池,E91631111797979612
4243,oPGdj,岐阜県,大矢田神社,E91385646655666681
4245,7t3Hy,東京都,待てば見えるものがある,E91366343721793742
4246,mW5yu,鳥取県,舂米の権現滝,E91375283296624774
4254,5LKtE,静岡県,牧之原市｜秋葉公園の紫陽花,E91391535472877747
4255,7s8sH,富山県,みくりが池,E91389949846437744
4256,zQbYR,富山県,大観峰,E91389957641483356
4257,Vz4MJ,富山県,黒部ダム,E91389958634441364
4261,WOCrZ,鳥取県,水尻洞門,E91375469734756684
4262,hwYvy,北海道,牧草ロール,E92478915799545518
4264,xs79h,兵庫県,コンクリートダムは永遠に,E91373595386526219
4265,w93NI,新潟県,棚池の中の空(長岡市山古志地区),E91632882159262245
4266,EECeM,兵庫県,千苅ダム「近代水道百選」,E91373592837361525
4268,j0xeh,岩手県,岩手県一関市　厳美渓,E92442219123549871
4269,9gY0B,東京都,東京　レインボーブリッジ　　　,E91396596939411712
4272,coPW9,鳥取県,岩美ブルー,E91375469735331914
4274,oNz9P,北海道,紅葉トンネル,E92478668995395155
4283,HExl3,京都府,与謝郡伊根町,E91376837961849248
4286,n9VOe,京都府,伊根の船屋,E91376599764343295
4287,KPXW4,東京都,東京の夜景と富士山,E91396911215889949
4288,6r5fc,長崎県,大瀬崎灯台からの岸壁,E91243568281388564
4289,WDZ3M,愛知県,香嵐渓,E91383875115342738
4290,7gIVO,新潟県,夏空（外海府・佐渡ヶ島）,E91637391397338693
4291,iPKaB,京都府,京都　浄土宗総本山　知恩院,E91381739462137152
4292,YTKoI,山梨県,朝焼けに浮かぶ富士山,E91394953559896791
4296,Lcphu,高知県,高知県　室戸市室戸岬,E91345451338598719
4298,F3O5r,千葉県,岡本桟橋,E91393943959225229
4300,dSpdH,東京都,都庁,E91396831616315967
4302,nDErb,北海道,森林公園,E92478917354364583
4304,iz8gs,三重県,桐垣展望台,E91358942375671446
4305,FjZeB,三重県,横山展望台,E91358944793357782
4306,dOInt,和歌山県,千畳敷,E91346974951557315
4308,3zooH,茨城県,夕陽に染まる帆引き船,E92177236798178145
4310,64G7q,岐阜県,夜桜美,E91385273259766123
4311,KkwwB,鳥取県,御机の茅葺小屋,E91374166776688618
4312,FhVEg,鳥取県,夏の木谷沢渓流,E91374169478333688
4313,eyn4h,新潟県,大自然に囲まれたメトロポリタン(越後湯沢),E91632541582667184
4314,4htLX,福島県,飛行機雲,E92414831749953956
4318,TA0U6,富山県,立山,E91389957489462183
4319,Pqyy3,新潟県,2022年長岡の花火,E91635216576157161
4321,FuHQp,神奈川県,くじらの背中,E91396523721681726
4323,zMbl3,熊本県,不知火海を挟んで八代市に降る夏の夕立,E91253469993422357
4324,YibVb,東京都,国立競技場,E91396598895745619
4325,wbeuN,奈良県,生駒山上遊園地,E91381188582236618
4326,L8mOk,三重県,花火・ザ・パフォーマンス,E91382469685951623
4328,6ZPv7,鳥取県,不動院岩屋堂,E91375254369295525
4329,gdOwc,沖縄県,最果て…。,E67723787211579531
4331,aYPRu,和歌山県,蔵王橋,E91349649281315728
4332,Foc4O,和歌山県,あらぎ島,E91349658148975998
4337,n1WmU,新潟県,2022年長岡の花火,E91635216576157161
4341,RK43Z,沖縄県,伊芸のがじまる,E67845269759682785
4349,vhH5G,北海道,島武意海岸 遊ぶ人々,E92711236546363533
4350,uuN4p,北海道,日本の渚百選 島武意海岸 眺望,E92711236546363533
4354,rqwHh,北海道,苔の回廊,E92478359228366982
4355,f5hzz,北海道,蝦夷鹿の親子と目が合った,E92478296468938667
4357,pTH4w,新潟県,外海府海岸(佐渡市・佐渡ヶ島),E91637367998633576
4358,rAKfx,群馬県,雲海のベールに包まれる温泉街(草津温泉),E91398776625999718
4359,hnIkO,沖縄県,鍾乳洞で熟成の時を待つ古酒ロマン,E67845347951249745
4364,O8Yzb,京都府,海を渡る橋,E91376539757688753
4368,rYyL3,富山県,雨晴海岸から見た立山連峰の日の出,E91623147443251675
4369,gE9ot,富山県,庄川峡の冬景色,E91388965245612317
4370,P3HQi,東京都,立川広域防災基地のヘリと夕焼け,E91396723886367685
4371,5Vl7p,滋賀県,油日神社,E91381925136781749
4372,o3qBC,富山県,松川沿いの桜並木,E91623134123367814
4374,8fQUm,徳島県,鳴門海峡大橋,E91348916696676258
4375,qW66O,三重県,初日の出,E91381399792113434
4379,vkY5Y,富山県,夏の称名滝,E91389869831338548
4381,yHSUi,富山県,秋の黒部平,E91389958511711622
4384,wLl3s,神奈川県,大涌谷ロープウェイからの景色,E91395317138464355
4400,ilJOl,北海道,羊蹄山に続く道,E92478173168935389
4402,IPCEJ,岐阜県,円原川の光芒,E91385594882832891
4411,YXGgU,愛媛県,高茂岬,E91265322394722191
4416,iKrVp,兵庫県,西ヶ岡の棚田,E91375617584899522
4417,up3fO,長野県,いつもの景色を逆に見る,E91389619593936747
4418,MMhWy,香川県,大窪寺,E91348488928977912
4420,9jyg5,京都府,東寺,E91381735447488935
4421,kccwU,宮崎県,鬼の洗濯板,E91237528726968656
4425,ExJRB,沖縄県,新開地の街並み,E67845347826638888
4427,g7pZv,北海道,祝津パノラマ展望台からススキと光の道,E92478847657287726
4428,DC4mV,北海道,乙部町くぐり岩と朝焼け,E92474155235267166
4429,vAt6b,三重県,英虞湾,E91358944793357782
4430,r2Cz2,滋賀県,メタセコイア並木道,E91384536589865434
4431,ZoyO6,滋賀県,旧竹林院,E91381846769193651
4432,NyiI9,静岡県,東京都　高尾山山頂で見る富士山,E91395192535589843
4435,zrbxz,北海道,Purple...,E92721196353714768
4436,Isi9v,北海道,The Sky on the blue water...,E92721259765674971
4439,Ppruh,島根県,静寂の彼方,E91296619392535185
4440,OoFZv,京都府,鞍馬寺　-奥の院　魔王殿-,E91381792599994425
4441,UZN3q,沖縄県,KINサンライズビーチ海浜公園,E67845348974761979
4442,nIn3i,沖縄県,KINサンライズビーチ海浜公園の砂浜,E67845348974791345
4443,PEz9G,沖縄県,KINサンライズビーチ海浜公園の海,E67845348974791375
4445,66y7f,新潟県,岩船沖油ガス田(胎内市),E91636787177749615
4446,nulYE,北海道,伊達市大滝区　新緑の三階滝公園,E92478228875179615
4447,hlbRu,北海道,函館市　函館夜景と冬花火,E92471968596973558
4448,vxX7D,北海道,乙部町　シラフラ滝瀬海岸,E92474152951817573
4449,mLM5K,北海道,洞爺湖町　浮見堂公園,E92478124712926747
4450,sHhty,北海道,室蘭市マスイチ展望台からの景色,E92475498231579222
4451,tbI7v,兵庫県,城崎温泉の朝焼け,E91375693998481937
4452,5Q62j,熊本県,米塚,E91253991968838457
4453,zD1hH,北海道,一面の青,E92721259765814656
4454,Nl40j,埼玉県,秋の訪れ,E91396775629911972
4455,urwDc,新潟県,夕焼けに染まる市街地(新潟市),E91635915125679591
4456,24xc6,山形県,銀山温泉,E92417672464739352
4457,lsHrJ,神奈川県,ツルシビナ,E91396433967827398
4458,kw8cX,北海道,函館五稜郭公園の桜,E92472771897984463
4459,eG1zU,北海道,江差町かもめ島の鳥居と瓶子岩,E92474122482126872
4460,A7nDO,北海道,小樽市天狗山展望台からの朝焼け,E92478763243349816
4461,GXA28,北海道,函館市夜景になる前の街並み,E92471969897255535
4462,IIuSR,北海道,伊達市北舟岡駅から見た夕焼け,E92475753746161941
4467,PmRW2,熊本県,阿蘇山（中岳）,E91253993228293173
4468,NPz26,熊本県,阿蘇山（草千里）,E91253991365727248
4469,iaX0A,山梨県,早朝の富士,E91395287258759794
4472,w7jWa,鳥取県,天の真名井,E91374421367955446
4474,g1MPc,群馬県,紅葉のワインディングロード(中之条町),E91398777191199353
4475,7cVou,青森県,青森　深浦町のかぶと岩,E91669666396668745
4477,Ho6vJ,和歌山県,第三砲台,E91349762126929585
4479,GrUL7,長野県,最上級の山紅葉,E91389655653691596
4480,yxGul,長野県,晩秋の上高地,E91389627589388446
4481,TPwBX,京都府,天橋立一字観の雲海,E91376546945731937
4482,sw6P7,埼玉県,巾着田の朝,E91396775651916498
4485,GXOtM,東京都,お台場の夕景,E91396674394335324
4486,cYoat,東京都,初日の出の少し前,E91396674392118378
4487,hM0a8,岐阜県,涸沢カール,E91389371786415398
4490,k6Ylb,京都府,舞鶴の海,E91376611818421567
4491,8Rdd5,京都府,黎明に望む若狭富士,E91376546945731937
4493,hQSmE,京都府,夏の港,E91376624478234553
4494,mU6pL,京都府,日が落ちる,E91376624478234553
4496,dYzh0,長野県,一の瀬園地（まいめの池）,E91389381582853546
4498,h9PmT,長野県,夕焼けと北アルプス(下高井郡山ノ内町),E91632111117427158
4500,KIcKP,神奈川県,秋の山花,E91395239976994933
4501,8q6op,京都府,天橋立一字観のオーロラ雲海,E91376546945731937
4502,fxu7l,富山県,剱岳,E91389973688675934
4504,9CEIL,新潟県,秋のラグジュアリータイム(新潟市西蒲区),E91635549139775271
4506,ThpHr,兵庫県,津居山の滝雲,E91375699632511824
4507,1Gu5U,兵庫県,秋の植村直己冒険館のユリノキ並木,E91375626336965273
4508,XXMcc,宮城県,蔵王の御釡,E92414898274253934
4509,2Aw5N,福島県,フロー(小野川不動滝・裏磐梯),E92414425521369613
4510,AHL0c,静岡県,夏の川,E91391757657955796
4516,GxMCY,愛媛県,秋色の海,E91266417751216797
4519,vhVpB,兵庫県,津居山港の夜明け,E91376474868954495
4520,mXOy2,京都府,霧に包まれた田倉山,E91376157957577336
4521,16JGe,京都府,伊根の舟屋,E91376599767728379
4522,jpPWG,兵庫県,秋空の姫路城,E91372658299467137
4525,8Dzow,沖縄県,800mのロングビーチ　KINサンライズビーチ海浜公園,E67845348974759861
4527,ZxRsk,兵庫県,色づく季節,E91376119235818625
4528,gFGCL,兵庫県,燃える朝,E91373589947424293
4529,xmnSK,岩手県,田園風景,E92445237479144967
4530,b4Dsc,岩手県,わんこそば,E92445237479144967
4532,6jiq6,岩手県,氷上の白鳥,E92445237479144967
4533,jDQL1,岩手県,白鳥の足跡,E92445237479144967
4534,aiQYl,岩手県,川と紅葉,E92445237479144967
4535,qTP9G,岩手県,チャグチャグ馬コ,E92445237479144967
4536,xTddA,岩手県,チャグチャグ馬コ,E92445237479144967
4537,ntxR1,岩手県,石割桜,E92445237479144967
4538,F8ne2,岩手県,氷上の白鳥たち,E92445237479144967
4539,p57dB,岩手県,岩手銀行 赤レンガ館,E92445237479144967
4540,342xA,岩手県,岩手銀行 赤レンガ館,E92445237479144967
4541,AVfFj,岩手県,石割桜,E92445237479144967
4542,Cvlhe,岩手県,盛岡城跡公園,E92445237479144967
4544,6Ccbq,岩手県,山と電車,E92445237479144967
4545,wIzMR,岩手県,雪の日,E92445237479144967
4547,YMlU6,岩手県,さんさ踊り,E92445237479144967
4550,Rd1dr,岩手県,春の日,E92445237479144967
4552,8KuP8,長野県,錦秋の布岩山(栄村・秋山郷),E91632184527224842
4553,3wQYk,愛媛県,秋色にまたたく,E91266788449977634
4554,9nkA1,兵庫県,晩秋の大森神社,E91376157897713213
4555,AEMGE,京都府,額田の大銀杏,E91376164983242279
4556,R9bH0,兵庫県,神鍋高原の銀杏並木,E91375627663265762
4557,EbNkq,兵庫県,晩秋のテリガシ滝,E91375625974885748
4558,1nWfX,福岡県,コスモス畑とひまわり,E91255991559674341
4559,rWA8Z,茨城県,紫陽花　l　歴史を咲かす誇りと覚悟,E92177458818642228
4560,CBhUT,新潟県,街中のマジックアワー(新潟市中央区),E91635912945956964
4561,2fts7,千葉県,夕暮れ,E92174475837945663
4564,Adv4T,新潟県,黄金色の風景(銀山平・魚沼市),E91632688318158777
4565,QpkoN,宮崎県,比叡山,E91261581168613742
4570,sXfLQ,福島県,千紫万紅の「つばくろう谷」(不動沢橋),E92414542541332312
4572,bCbTo,京都府,田倉山の紅葉絨毯,E91376157934147993
4574,WYQuS,京都府,永観堂,E91381739918372451
4575,ZR2Nm,京都府,光満ちる夜久野高原,E91376157951678781
4576,Ps3Qo,滋賀県,百済寺,E91381993948383339
4577,5A83l,山梨県,朝日を浴びる霊峰富士,E91395465359556622
4578,FCFqh,福島県,モノトーン(会津磐梯山),E92414176236443685
4579,kIFEZ,岐阜県,美濃橋,E91385655515261315
4580,cabUc,千葉県,千葉県　いすみ市　「ススキ」,E92174229444698829
4581,ckA8s,兵庫県,陽の当たる場所,E91373855622287596
4583,HU0qP,北海道,白金 青い池,E92721259765674971
4584,zyBnY,北海道,四季彩の丘,E92721196353714768
4585,idh5t,北海道,メルヘンの丘,E92723863646183698
4587,fQlcK,北海道,然別湖,E92488783446765163
4588,hrZ4D,千葉県,地獄のぞき,E91393979334655292
4590,v6hUQ,栃木県,明智平 展望台,E91633217493722967
4591,uPnm6,栃木県,華厳の滝,E91633139685388236
4592,91A4f,栃木県,戦場ヶ原,E91633164333718184
4593,G9zmJ,栃木県,秋燃ゆる那須岳,E91633698511639967
4594,ouLGV,兵庫県,朱に染まる秋,E91373854711327256
4597,iCmiK,愛知県,昭和塾堂,E91382997422647858
4599,U29hO,茨城県,夜の紅葉道,E92177424566911225
4601,DejwN,京都府,夕暮れの紅葉,E91376265135245372
4602,KW602,兵庫県,若杉不動滝,E91375342761151533
4603,vrGiO,兵庫県,気嵐に包まれた竜宮城,E91376477183647842
4604,84Gcv,新潟県,絶景紅葉(秋山郷・津南町),E91632185799966921
4605,LNgoK,福島県,秋元湖の秋(磐梯吾妻レークライン・北塩原村),E92414422114322925
4607,B2HQf,新潟県,長岡の冬花火(国営越後丘陵公園・長岡市),E91635133499784133
4608,ARvwJ,新潟県,長岡の冬花火(国営越後丘陵公園・長岡市),E91635133499784133
4610,SXFyc,新潟県,航跡(両津港・佐渡ヶ島),E91634991473478191
4612,VKqEl,新潟県,緑の棚田と青い海(岩首昇竜棚田・佐渡ヶ島),E91634935646534571
4613,5BY3r,新潟県,幸せを呼ぶ月虹(苗名滝・妙高市),E91631281932822313
4614,HWfbj,岐阜県,モネの池,E91385678121328568
4615,UxHvm,福井県,三方五湖,E91384573246654368
4620,yp1OR,兵庫県,願う場所,E91373466364425726
4621,V8Hqi,京都府,伊根の舟屋の雪景色,E91376599767728379
4623,5AuIK,兵庫県,荒波寄せる竜宮城,E91376477246171318
4624,6UHUA,岐阜県,厳冬期,E91389651462538426
4625,8iSYh,静岡県,薩埵峠,E91392744958246116
4626,LhfrI,静岡県,弁天島海浜公園,E91383379892836564
4628,TybAh,新潟県,黎明(山古志),E91632881955866362
4629,wWK1A,新潟県,棚田と越後三山(山古志),E91632881955866362
4631,IiKGm,新潟県,月の明かりでできる虹(月虹・苗名滝),E91631281932822313
4636,PD0fs,和歌山県,白崎海洋公園,E91349511875879265
4637,F6BS6,兵庫県,2023年初日の出,E91373523116515872
4638,Uh6nP,岡山県,初日の出〜新たなはじまり〜,E91371765997858869
4640,BPwxK,京都府,佇むカモメ,E91376599767728379
4643,AGUiS,長野県,美ヶ原高原,E91397524772886957
4648,Pcs8s,兵庫県,白糸の滝,E91376427117579758
4650,q68fj,兵庫県,映る,E91372641523393364
4651,Etvnj,高知県,伊尾木洞,E91344924383768584
4654,uP7gq,京都府,夕日ヶ浦の光の道,E91376489552137426
4655,6Vlya,長野県,美ヶ原高原,E91397524815442192
